"func.name","tpt","r_id","pred_x","pred_y","true_x","true_y","motor_sd","prob_true","prob_rand","prob_prev","guess_num"
"3_pts",3,"Monkey 2",0.59118412990196,0.292547487745088,0.41996378173862,0.28125,0.0257167545165943,0.117074262511583,0.212900133563612,0.670025603924831,1
"3_pts",4,"Monkey 2",0.490349264705887,0.258731617647054,0.5,0.28125,0.0257167545165943,0.390083142206766,0.222916862140028,0.386999995653204,2
"3_pts",5,"Monkey 2",0.499578737745125,0.258501838235291,0.58003621826138,0.28125,0.0257167545165943,0.3162958509235,0.168414729723334,0.515289419353166,3
"3_pts",6,"Monkey 2",0.533854166666665,0.274777879901963,0.41996378173862,0.28125,0.0257167545165943,0.351732117147346,0.0378438794357635,0.61042400341689,4
"3_pts",7,"Monkey 2",0.439414828431381,0.268075980392157,0.5,0.28125,0.0257167545165943,0.385046121580663,0.203985511307241,0.410968367112084,5
"3_pts",8,"Monkey 2",0.492264093137261,0.268650428921569,0.58003621826138,0.28125,0.0257167545165943,0.25593070031844,0.243315629668105,0.500753670013454,6
"3_pts",9,"Monkey 2",0.484911151960796,0.276999080882357,0.41996378173862,0.28125,0.0257167545165943,0.554657300272392,0.0750632069330104,0.370279492794595,7
"3_pts",10,"Monkey 2",0.47346047794117,0.272824754901963,0.5,0.28125,0.0257167545165943,0.414815341465122,0.1817622849839,0.403422373550978,8
"3_pts",11,"Monkey 2",0.532896752450986,0.280292585784319,0.58003621826138,0.28125,0.0257167545165943,0.511628272060856,0.0989221471315384,0.389449580807606,9
"3_pts",12,"Monkey 2",0.550130208333343,0.275735294117645,0.41996378173862,0.28125,0.0257167545165943,0.186657050891207,0.0860246539202807,0.727318295188501,10
"3_pts",13,"Monkey 2",0.519148284313724,0.270641850490199,0.5,0.28125,0.0257167545165943,0.542034815956775,0.249839430456618,0.208125753586607,11
"3_pts",14,"Monkey 2",0.505361519607839,0.282896752450982,0.58003621826138,0.28125,0.0257167545165943,0.337032131244275,0.0672250046306761,0.59574286412505,12
"alternating_diff_1",3,"Monkey 2",0.349030671296302,0.331199363425921,0.308749999999999,0.25734375,0.0257167545165943,0.00720882115915601,0.126432040254689,0.866359138586152,1
"alternating_diff_1",4,"Monkey 2",0.322735821759258,0.228190104166662,0.356562499999999,0.25734375,0.0257167545165943,0.0949840181798721,0.101405195866664,0.803610785953463,2
"alternating_diff_1",5,"Monkey 2",0.399197048611115,0.251699942129629,0.356562499999999,0.30515625,0.0257167545165943,0.0413834959748273,0.189312670969433,0.76930383305574,3
"alternating_diff_1",6,"Monkey 2",0.376953125,0.326714409722221,0.404374999999999,0.30515625,0.0257167545165943,0.0636973350421172,0.0451648233894768,0.891137841568406,4
"alternating_diff_1",7,"Monkey 2",0.428891782407407,0.321686921296297,0.404374999999999,0.25734375,0.0257167545165943,0.0259240780600301,0.111683396143685,0.862392525796287,5
"alternating_diff_1",8,"Monkey 2",0.421730324074078,0.230107060185182,0.452187499999999,0.25734375,0.0257167545165943,0.0966621543522881,0.0954404056722406,0.807897439975471,6
"alternating_diff_1",9,"Monkey 2",0.493019386574073,0.258752893518518,0.452187499999999,0.30515625,0.0257167545165943,0.022200983520609,0.0855420665379963,0.892256949941394,7
"alternating_diff_1",10,"Monkey 2",0.494032118055557,0.314814814814809,0.499999999999999,0.30515625,0.0257167545165943,0.164024143785619,0.169073413139552,0.666902443074829,8
"alternating_diff_1",11,"Monkey 2",0.525607638888887,0.312897858796298,0.499999999999999,0.25734375,0.0257167545165943,0.0429466132185321,0.0304119246887695,0.926641462092698,9
"alternating_diff_1",12,"Monkey 2",0.519856770833323,0.26255063657408,0.547812499999999,0.25734375,0.0257167545165943,0.0773450220758126,0.185513517912641,0.737141460011554,10
"alternating_diff_1",13,"Monkey 2",0.586841724537036,0.257667824074075,0.547812499999999,0.30515625,0.0257167545165943,0.019074413451867,0.0606318837549388,0.920293702793194,11
"alternating_diff_1",14,"Monkey 2",0.585322627314814,0.316623263888887,0.595624999999999,0.30515625,0.0257167545165943,0.154196754168922,0.127249031442588,0.718554214388491,12
"alternating_diff_2",3,"Monkey 2",0.349762561274512,0.302274816176469,0.332656249999999,0.257343749999999,0.0257167545165943,0.37934525904712,0.037220634763657,0.583434106189223,1
"alternating_diff_2",4,"Monkey 2",0.361251531862746,0.226562500000002,0.356562499999999,0.305156249999999,0.0257167545165943,0.147447888091798,0.0936367670742415,0.758915344833961,2
"alternating_diff_2",5,"Monkey 2",0.394301470588233,0.31219362745098,0.380468749999999,0.305156249999999,0.0257167545165943,0.68048997222214,0.00615778859891599,0.313352239178943,3
"alternating_diff_2",6,"Monkey 2",0.429572610294118,0.305261948529411,0.404374999999999,0.305156249999999,0.0257167545165943,0.682508834888677,0.0598167988889563,0.257674366222367,4
"alternating_diff_2",7,"Monkey 2",0.458371629901965,0.295151654411763,0.428281249999999,0.257343749999999,0.0257167545165943,0.550648410129003,0.0320476895254479,0.417303900345549,5
"alternating_diff_2",8,"Monkey 2",0.442784926470585,0.235677083333332,0.452187499999999,0.305156249999999,0.0257167545165943,0.179913017218189,0.0490677292559862,0.771019253525826,6
"alternating_diff_2",9,"Monkey 2",0.492953431372547,0.308402267156859,0.476093749999999,0.305156249999999,0.0257167545165943,0.652634705145961,0.0348069772520516,0.312558317601987,7
"alternating_diff_2",10,"Monkey 2",0.521369485294115,0.308402267156861,0.499999999999999,0.305156249999999,0.0257167545165943,0.685231371709484,0.0340595638424246,0.280709064448091,8
"alternating_diff_2",11,"Monkey 2",0.543772977941171,0.292432598039213,0.523906249999999,0.257343749999999,0.0257167545165943,0.533304123553636,0.0291439532918398,0.437551923154524,9
"alternating_diff_2",12,"Monkey 2",0.542700674019606,0.244791666666666,0.547812499999999,0.305156249999999,0.0257167545165943,0.199419723298648,0.0113420632599847,0.789238213441368,10
"alternating_diff_2",13,"Monkey 2",0.583907781862747,0.31667432598039,0.571718749999999,0.305156249999999,0.0257167545165943,0.644779430385809,0.020869275943136,0.334351293671055,11
"alternating_diff_2",14,"Monkey 2",0.615885416666665,0.298560049019606,0.595624999999999,0.305156249999999,0.0257167545165943,0.698593366687836,0.0259482884230734,0.27545834488909,12
"f_curly_2",3,"Monkey 2",0.521990740740742,0.451678240740741,0.545802086721127,0.370099421970143,0.0257167545165943,0.00851490696081953,0.259690149560042,0.731794943479138,1
"f_curly_2",4,"Monkey 2",0.526656539351852,0.351056134259256,0.609307323026029,0.322716064024222,0.0257167545165943,0.00105948271935305,0.235557644856051,0.763382872424596,2
"f_curly_2",5,"Monkey 2",0.617910879629636,0.274197048611112,0.643935258288884,0.372952855590841,0.0257167545165943,0.000102314367962906,0.18764069152735,0.812256994104687,3
"f_curly_2",6,"Monkey 2",0.643337673611115,0.3564091435185,0.576817514340968,0.426567348781731,0.0257167545165943,0.000105032412388388,0.251609202006838,0.74828576558076,4
"f_curly_2",7,"Monkey 2",0.575520833333335,0.371600115740749,0.474411695570596,0.384691822171342,0.0257167545165943,0.0228762797257078,0.321677609683219,0.655446110591062,5
"f_curly_2",8,"Monkey 2",0.49938512731481,0.367368344907407,0.451497317776199,0.279218316678864,0.0257167545165943,0.00481428986984575,0.288516794823459,0.706668915306696,6
"f_curly_2",9,"Monkey 2",0.427445023148145,0.241138599537037,0.514001872721757,0.229127101098333,0.0257167545165943,0.000681507716698193,0.360357575719405,0.638960916563896,7
"f_curly_2",10,"Monkey 2",0.536241319444453,0.221426504629629,0.550883986021027,0.277560413379683,0.0257167545165943,0.0010042412327431,0.359670796122806,0.63932496264447,8
"f_curly_2",11,"Monkey 2",0.561668113425925,0.263093171296299,0.48618850891986,0.332745409507658,0.0257167545165943,0.000877772092004218,0.271858619948487,0.727263607959498,9
"f_curly_2",12,"Monkey 2",0.485677083333367,0.281575520833339,0.38305610192201,0.29366379157508,0.0257167545165943,0.00119248404298708,0.337777004432566,0.661030511524439,10
"f_curly_2",13,"Monkey 2",0.382378472222225,0.266384548611096,0.35726123824811,0.188381746914724,0.0257167545165943,0.00975618328568176,0.383246788318612,0.606997028395723,11
"f_curly_2",14,"Monkey 2",0.369357638888889,0.157588252314811,0.418675818196403,0.135617366420165,0.0257167545165943,0.0185053129604963,0.349566596088464,0.631928090951032,12
"hexagon",3,"Monkey 2",0.472352430555565,0.279079861111114,0.580025450005843,0.419858145308685,0.0257167545165943,0.00011135246843441,0.857318597993868,0.142570049537669,1
"hexagon",4,"Monkey 2",0.535329861111101,0.233984375000005,0.419974549994157,0.419858145308685,0.0257167545165943,0.0543396795998493,0.806509447653632,0.139150872746597,2
"hexagon",5,"Monkey 2",0.534244791666656,0.258159722222217,0.339949099988313,0.28125,0.0257167545165943,0.0642465527004341,0.803155591830871,0.132597855468737,3
"hexagon",6,"Monkey 2",0.496484374999999,0.243098958333329,0.419974549994156,0.142641854691316,0.0257167545165943,0.196238165492572,0.648242670758521,0.155519163748871,4
"hexagon",7,"Monkey 2",0.447699652777762,0.174392361111108,0.580025450005843,0.142641854691316,0.0257167545165943,5.81963005621048e-07,0.678183505913854,0.321815912123125,5
"hexagon",8,"Monkey 2",0.463151041666657,0.186284722222223,0.660050900011687,0.28125,0.0257167545165943,0.0646018846991863,0.804255295847419,0.131142819453363,6
"hexagon",9,"Monkey 2",0.466276041666662,0.234548611111109,0.580025450005843,0.419858145308685,0.0257167545165943,0.0630778196702779,0.804357577861852,0.132564602467822,7
"hexagon",10,"Monkey 2",0.408550347222231,0.23836805555555,0.419974549994157,0.419858145308685,0.0257167545165943,3.97338752680997e-08,0.933602995336203,0.0663969649299796,8
"hexagon",11,"Monkey 2",0.495442708333323,0.246657986111104,0.339949099988313,0.28125,0.0257167545165943,0.194694345430904,0.672195512426806,0.133110142142304,9
"hexagon",12,"Monkey 2",0.535329861111107,0.245095486111117,0.419974549994157,0.142641854691316,0.0257167545165943,0.194912772617171,0.609342483668258,0.195744743714649,10
"hexagon",13,"Monkey 2",0.537586805555558,0.234635416666666,0.580025450005843,0.142641854691316,0.0257167545165943,0.304613929210462,0.694096505031704,0.00128956575783962,11
"hexagon",14,"Monkey 2",0.502256944444448,0.219618055555565,0.660050900011687,0.28125,0.0257167545165943,0.19402008127686,0.673826293665706,0.132153625057456,12
"hourglass_1",3,"Monkey 2",0.467163085937503,0.32649739583332,0.556880246052582,0.338130246052582,0.0257167545165943,0.0586689714785414,0.528337798006257,0.412993230515219,1
"hourglass_1",4,"Monkey 2",0.514078776041657,0.307820638020834,0.443119753947418,0.224369753947418,0.0257167545165943,0.283649407392058,0.353293371688825,0.3630572209191,2
"hourglass_1",5,"Monkey 2",0.509928385416666,0.256795247395833,0.556880246052582,0.224369753947418,0.0257167545165943,0.184332823712947,0.489920197636616,0.325746978650447,3
"hourglass_1",6,"Monkey 2",0.486775716145842,0.2225341796875,0.443119753947418,0.338130246052582,0.0257167545165943,0.0113154377630594,0.449957709490107,0.538726852746831,4
"hourglass_1",7,"Monkey 2",0.502644856770843,0.235392252604165,0.556880246052582,0.338130246052582,0.0257167545165943,0.046525940440769,0.807754587660959,0.145719471898251,5
"hourglass_1",8,"Monkey 2",0.484578450520813,0.284464518229171,0.443119753947418,0.224369753947418,0.0257167545165943,0.399235866737565,0.424071853778719,0.176692279483718,6
"hourglass_1",9,"Monkey 2",0.459228515625012,0.237752278645834,0.556880246052582,0.224369753947418,0.0257167545165943,0.242197715909047,0.288362543979544,0.469439740111412,7
"hourglass_1",10,"Monkey 2",0.457397460937535,0.223673502604171,0.443119753947418,0.338130246052582,0.0257167545165943,0.12728451416813,0.556301277993724,0.316414207838159,8
"hourglass_1",11,"Monkey 2",0.47977701822917,0.220784505208329,0.556880246052582,0.338130246052582,0.0257167545165943,0.00729617217919961,0.813456991011099,0.179246836809701,9
"hourglass_1",12,"Monkey 2",0.472534179687507,0.234130859374996,0.443119753947418,0.224369753947418,0.0257167545165943,0.492315678450588,0.492069471918067,0.0156148496313413,10
"hourglass_1",13,"Monkey 2",0.457926432291675,0.248779296874993,0.556880246052582,0.224369753947418,0.0257167545165943,0.12348175425018,0.400967500073688,0.475550745676149,11
"hourglass_1",14,"Monkey 2",0.478556315104172,0.246826171875001,0.443119753947418,0.338130246052582,0.0257167545165943,0.20273067563791,0.580105742162746,0.217163582199345,12
"increasing_lines",3,"Monkey 2",0.469822303921569,0.231311274509802,0.402715476476929,0.261793095295385,0.0257167545165943,0.0328646584540478,0.0350998651856478,0.932035476360304,1
"increasing_lines",4,"Monkey 2",0.394875919117634,0.28695618872549,0.441629285886157,0.261793095295385,0.0257167545165943,0.0836745865627772,0.114243766149124,0.802081647288094,2
"increasing_lines",5,"Monkey 2",0.466911764705879,0.260378370098038,0.480543095295386,0.261793095295385,0.0257167545165943,0.186391164686953,0.0612361213045557,0.752372714008491,3
"increasing_lines",6,"Monkey 2",0.518229166666666,0.263480392156863,0.402715476476929,0.300706904704614,0.0257167545165943,0.0253026289548568,0.113471943436528,0.861225427608615,4
"increasing_lines",7,"Monkey 2",0.38817401960785,0.334482230392154,0.441629285886157,0.300706904704614,0.0257167545165943,0.0725251869010785,0.0898190625098906,0.837655750589034,5
"increasing_lines",8,"Monkey 2",0.463465073529411,0.306985294117647,0.480543095295386,0.300706904704614,0.0257167545165943,0.208224946622036,0.00731580427155137,0.784459249106412,6
"increasing_lines",9,"Monkey 2",0.50160845588235,0.304227941176468,0.519456904704614,0.300706904704614,0.0257167545165943,0.18117776950136,0.00557387890978544,0.813248351588854,7
"increasing_lines",10,"Monkey 2",0.552466299019609,0.308172487745097,0.402715476476929,0.339620714113842,0.0257167545165943,1.33266166583757e-07,0.0303524963856068,0.969647370348227,8
"increasing_lines",11,"Monkey 2",0.41038602941177,0.359030330882352,0.441629285886157,0.339620714113842,0.0257167545165943,0.116604801204698,0.13251003228789,0.750885166507416,9
"increasing_lines",12,"Monkey 2",0.458716299019607,0.333754595588236,0.480543095295386,0.339620714113842,0.0257167545165943,0.171161660423952,0.0141233157799217,0.814715023796126,10
"increasing_lines",13,"Monkey 2",0.516620710784313,0.329771752450981,0.519456904704614,0.339620714113842,0.0257167545165943,0.291035911176338,0.0383473378781899,0.670616750945472,11
"increasing_lines",14,"Monkey 2",0.546453737745097,0.340609681372549,0.558370714113843,0.339620714113842,0.0257167545165943,0.223547460306663,0.0179318805261962,0.75852065916714,12
"line",3,"Monkey 2",0.705367476851852,0.110677083333346,0.744224141830017,0.0933852755153722,0.0257167545165943,0.774598232690202,0.11603218625878,0.109369581051007,1
"line",4,"Monkey 2",0.713324652777777,0.112955729166665,0.709334978711443,0.120223093298891,0.0257167545165943,0.799683010877916,0.00356571949857256,0.196751269623511,2
"line",5,"Monkey 2",0.684787326388887,0.143301504629631,0.674445815592869,0.147060911082409,0.0257167545165943,0.755413642158995,0.00842217114562482,0.23616418669538,3
"line",6,"Monkey 2",0.651692708333333,0.171802662037037,0.639556652474295,0.173898728865927,0.0257167545165943,0.768267381985069,0.00147349069945285,0.230259127315478,4
"line",7,"Monkey 2",0.532624421296306,0.198061342592594,0.604667489355721,0.200736546649445,0.0257167545165943,0.683293521095492,0.171433646902562,0.145272832001934,5
"line",8,"Monkey 2",0.539930555555535,0.210069444444447,0.569778326237148,0.227574364432964,0.0257167545165943,0.809096151043939,0.0678440998105637,0.123059749145504,6
"line",9,"Monkey 2",0.554000289351852,0.243815104166667,0.534889163118574,0.254412182216482,0.0257167545165943,0.667776144407888,0.014817074144345,0.317406781447767,7
"line",10,"Monkey 2",0.512767650462988,0.278862847222221,0.5,0.28125,0.0257167545165943,0.572820875565039,0.118804696965757,0.308374427469193,8
"line",11,"Monkey 2",0.479528356481485,0.283347800925922,0.465110836881426,0.308087817783518,0.0257167545165943,0.633041354470976,0.0651931209859124,0.301765524543112,9
"line",12,"Monkey 2",0.439236111111113,0.32248263888889,0.430221673762853,0.334925635567037,0.0257167545165943,0.747772732661136,0.00645196052110233,0.245775306817761,10
"line",13,"Monkey 2",0.392578125000007,0.344401041666666,0.395332510644279,0.361763453350555,0.0257167545165943,0.55916960165995,0.0603369713059704,0.380493427034078,11
"line",14,"Monkey 2",0.387478298611092,0.368634259259263,0.360443347525705,0.388601271134073,0.0257167545165943,0.620209826283596,0.130549973812498,0.249240199903908,12
"plus",3,"Monkey 2",0.485713252314816,0.154911747685193,0.5,0.28125,0.0257167545165943,0.181951559961811,0.107944714733215,0.710103725304967,1
"plus",4,"Monkey 2",0.514395254629628,0.200737847222227,0.580025450005842,0.284098383898057,0.0257167545165943,0.0283961365419066,0.572289500872286,0.399314362585809,2
"plus",5,"Monkey 2",0.572446469907402,0.255859375000002,0.660050900011684,0.286946767796113,0.0257167545165943,0.13542648415638,0.278907142836356,0.585666373007253,3
"plus",6,"Monkey 2",0.592520254629632,0.25654658564815,0.5,0.28125,0.0257167545165943,0.312192051030589,0.161540071057937,0.526267877911465,4
"plus",7,"Monkey 2",0.573459201388885,0.26233362268519,0.497151616101944,0.361275450005842,0.0257167545165943,0.00403521265751817,0.557231706202654,0.438733081139828,5
"plus",8,"Monkey 2",0.49392361111111,0.328884548611109,0.494303232203887,0.441300900011684,0.0257167545165943,0.0979217026969283,0.372766450385574,0.52931184691745,6
"plus",9,"Monkey 2",0.52470341435185,0.34932002314816,0.5,0.28125,0.0257167545165943,0.479790340356972,0.0856625741909743,0.434547085452042,7
"plus",10,"Monkey 2",0.489113136574086,0.277199074074073,0.419974549994158,0.278401616101944,0.0257167545165943,0.0416552276773538,0.229949006886584,0.728395765436052,8
"plus",11,"Monkey 2",0.459418402777785,0.275788483796297,0.339949099988317,0.275553232203887,0.0257167545165943,0.0511481573892915,0.194505411362552,0.754346431248156,9
"plus",12,"Monkey 2",0.38852719907408,0.278067129629636,0.5,0.28125,0.0257167545165943,0.332386815379503,0.169711681025148,0.497901503595363,10
"plus",13,"Monkey 2",0.415617766203699,0.270616319444444,0.502848383898057,0.201224549994159,0.0257167545165943,0.00756034786410725,0.559069855560641,0.433369796575248,11
"plus",14,"Monkey 2",0.457935474537005,0.229745370370372,0.505696767796113,0.121199099988317,0.0257167545165943,0.120812342605692,0.489990827174997,0.389196830219301,12
"radial_1",3,"Monkey 2",0.45865885416668,0.300740559895828,0.656897264985479,0.311465520630531,0.0257167545165943,1.96907036270026e-05,0.174959406384323,0.825020902912054,1
"radial_1",4,"Monkey 2",0.512329101562497,0.277669270833334,0.5,0.278885005036604,0.0257167545165943,0.933847001055904,0.066109452675893,4.35462682018322e-05,2
"radial_1",5,"Monkey 2",0.542439778645842,0.272094726562501,0.61958675946476,0.385549191702079,0.0257167545165943,0.00343671158259372,0.228476592819661,0.768086695597746,3
"radial_1",6,"Monkey 2",0.522623697916671,0.265706380208339,0.5,0.278885005036604,0.0257167545165943,0.808953247064621,0.12942375271129,0.0616230002240824,4
"radial_1",7,"Monkey 2",0.482218424479176,0.262003580729172,0.550233078320004,0.431052280095291,0.0257167545165943,7.24799435489287e-08,0.204583013004551,0.795416914515503,5
"radial_1",8,"Monkey 2",0.495524088541667,0.284261067708329,0.5,0.278885005036604,0.0257167545165943,0.933984790763065,0.00571984604589777,0.0602953631910362,6
"radial_1",9,"Monkey 2",0.436197916666669,0.271402994791664,0.467419484406073,0.435782270022083,0.0257167545165943,2.67163282366143e-06,0.308222263398752,0.691775064968408,7
"radial_1",10,"Monkey 2",0.454223632812496,0.281412760416667,0.5,0.278885005036604,0.0257167545165943,0.86228038399236,0.137719010233439,6.05774197753481e-07,8
"radial_1",11,"Monkey 2",0.510009765624994,0.288736979166672,0.393335813334525,0.398471764501364,0.0257167545165943,0.00205563545644386,0.197300211591049,0.800644152952514,9
"radial_1",12,"Monkey 2",0.484375000000021,0.298665364583339,0.5,0.278885005036604,0.0257167545165943,0.80292570437565,0.0721239824513124,0.124950313173038,10
"radial_1",13,"Monkey 2",0.446044921875004,0.278727213541663,0.347832724941313,0.329118083356608,0.0257167545165943,0.122652631445278,0.148125181494663,0.729222187060043,11
"radial_1",14,"Monkey 2",0.419148763020838,0.307495117187495,0.5,0.278885005036604,0.0257167545165943,0.591022183110448,0.153317909275124,0.255659907614417,12
"sine",3,"Monkey 2",0.32387152777778,0.313151041666651,0.332656249999999,0.291707413745452,0.0257167545165943,0.205053158092919,0.0872416948793016,0.70770514702778,1
"sine",4,"Monkey 2",0.342664930555567,0.252734375000009,0.356562499999999,0.227309534207043,0.0257167545165943,0.297438652165741,0.152917532633129,0.549643815201129,2
"sine",5,"Monkey 2",0.392751736111111,0.202951388888887,0.380468749999999,0.212813612843912,0.0257167545165943,0.574717996388421,0.0169687597603494,0.40831324385123,3
"sine",6,"Monkey 2",0.439236111111112,0.187065972222225,0.404374999999999,0.261547132905955,0.0257167545165943,0.101665324145561,0.362046698492087,0.536287977362352,4
"sine",7,"Monkey 2",0.460460069444443,0.271137152777779,0.428281249999999,0.328704720794272,0.0257167545165943,0.287274738262776,0.109024552077791,0.603700709659433,5
"sine",8,"Monkey 2",0.47170138888889,0.330859375000002,0.452187499999999,0.352541999917429,0.0257167545165943,0.490505652069015,0.0775728144680822,0.431921533462903,6
"sine",9,"Monkey 2",0.514366319444444,0.360720486111111,0.476093749999999,0.311143085780841,0.0257167545165943,0.26719626805602,0.146706234160338,0.58609749778364,7
"sine",10,"Monkey 2",0.467664930555555,0.305078125000001,0.499999999999999,0.242569949120812,0.0257167545165943,0.259423512070744,0.196298272471128,0.544278215458115,8
"sine",11,"Monkey 2",0.53220486111111,0.214670138888892,0.523906249999999,0.20986841554135,0.0257167545165943,0.591365517818302,0.00960973704178169,0.399024745139916,9
"sine",12,"Monkey 2",0.564583333333331,0.19730902777778,0.547812499999999,0.243104124204565,0.0257167545165943,0.274158332573301,0.0214040730850315,0.704437594341667,10
"sine",13,"Monkey 2",0.596961805555555,0.246267361111113,0.571718749999999,0.311720317839819,0.0257167545165943,0.170394850175154,0.150838709511847,0.678766440312998,11
"sine",14,"Monkey 2",0.58016493055555,0.338368055555559,0.595624999999999,0.35263158445865,0.0257167545165943,0.420894624641555,0.0862648158811456,0.492840559477295,12
"spiral_outward",3,"Monkey 2",0.628523284313721,0.272709865196077,0.614199928717445,0.321910189654369,0.0257167545165943,0.012065513968859,0.174035179000889,0.813899307030252,1
"spiral_outward",4,"Monkey 2",0.633961397058823,0.339843749999999,0.596355182294026,0.376830671946796,0.0257167545165943,0.0114761013642236,0.0828533180584467,0.90567058057733,2
"spiral_outward",5,"Monkey 2",0.589728860294116,0.384076286764705,0.544446123786096,0.414544810541525,0.0257167545165943,0.00193716381317044,0.244592794294307,0.753470041892516,3
"spiral_outward",6,"Monkey 2",0.546377144607843,0.415134803921566,0.473866686325899,0.414544810541525,0.0257167545165943,0.00165632871698578,0.146224985904789,0.852118685378226,4
"spiral_outward",7,"Monkey 2",0.456878063725492,0.412760416666667,0.411575816116383,0.36928784422785,0.0257167545165943,0.0187651130803246,0.0509987138928533,0.930236173026822,5
"spiral_outward",8,"Monkey 2",0.426049325980402,0.334252450980389,0.385800071282554,0.289958258694344,0.0257167545165943,0.0394299954756448,0.349067476518325,0.611502528006031,6
"spiral_outward",9,"Monkey 2",0.373583026960785,0.260952818627447,0.413558565718985,0.204526397350568,0.0257167545165943,0.00197306892564386,0.096576705251293,0.901450225823064,7
"spiral_outward",10,"Monkey 2",0.393841911764703,0.16884957107843,0.49142215348088,0.147955189458474,0.0257167545165943,0.00431728422392193,0.183180405065969,0.812502310710114,8
"spiral_outward",11,"Monkey 2",0.495557598039214,0.139629289215682,0.594083153422985,0.147955189458474,0.0257167545165943,0.0025244661260778,0.285926014196345,0.711549519677578,9
"spiral_outward",12,"Monkey 2",0.62764246323529,0.153416053921563,0.682328552886465,0.212069225069514,0.0257167545165943,0.00904094300735718,0.317807959554112,0.673151097438532,10
"spiral_outward",13,"Monkey 2",0.718367034313733,0.205537683823521,0.718018045733306,0.321910189654369,0.0257167545165943,0.000140264905125546,0.355871283730974,0.643988451363902,11
"spiral_outward",14,"Monkey 2",0.751340379901963,0.331992953431373,0.680345803283864,0.437853430049492,0.0257167545165943,6.31856230408196e-05,0.100372171386032,0.899564642990927,12
"square_2",3,"Monkey 2",0.448160807291671,0.105509440104172,0.7390625,0.0421875000000002,0.0257167545165943,0.051851435917421,0.584003949968092,0.36414461411449,1
"square_2",4,"Monkey 2",0.585123697916666,0.119466145833332,0.7390625,0.2015625,0.0257167545165943,0.000102074758775663,0.843663591864379,0.156234333376857,2
"square_2",5,"Monkey 2",0.536214192708344,0.169921875000024,0.7390625,0.360937500000001,0.0257167545165943,0.000529993516445503,0.762302046973876,0.237167959509684,3
"square_2",6,"Monkey 2",0.53409830729168,0.170735677083329,0.7390625,0.520312500000001,0.0257167545165943,1.9526640803249e-08,0.876520686412528,0.123479294060833,4
"square_2",7,"Monkey 2",0.585937500000004,0.169514973958274,0.5796875,0.520312500000001,0.0257167545165943,4.72907241244427e-15,0.97533036794566,0.0246696320543319,5
"square_2",8,"Monkey 2",0.570678710937506,0.259236653645825,0.4203125,0.520312500000001,0.0257167545165943,0.00813324039539066,0.80731677002979,0.184549989574907,6
"square_2",9,"Monkey 2",0.531290690104159,0.245239257812502,0.2609375,0.520312500000001,0.0257167545165943,0.0282506253995602,0.723676896120074,0.248072478480365,7
"square_2",10,"Monkey 2",0.477254231770873,0.257934570312486,0.2609375,0.360937500000001,0.0257167545165943,0.0482445436000643,0.83842232498649,0.113333131413386,8
"square_2",11,"Monkey 2",0.347859700520831,0.283610026041657,0.2609375,0.2015625,0.0257167545165943,0.104435554707623,0.543401152050652,0.352163293241715,9
"square_2",12,"Monkey 2",0.331176757812505,0.245727539062492,0.2609375,0.0421875000000002,0.0257167545165943,0.0711794197041425,0.588353427461889,0.340467152833964,10
"square_2",13,"Monkey 2",0.273396809895835,0.143432617187471,0.4203125,0.0421875000000002,0.0257167545165943,0.0408320511372737,0.419620744428595,0.539547204434212,11
"square_2",14,"Monkey 2",0.258585611979167,0.125040690104161,0.5796875,0.0421875000000001,0.0257167545165943,1.48905293262084e-25,0.999906904375405,9.30956245953708e-05,12
"square_spiral",3,"Monkey 2",0.552039930555555,0.317708333333334,0.38046875,0.40078125,0.0257167545165943,6.35752010344313e-05,0.694167991941988,0.305768432856994,1
"square_spiral",4,"Monkey 2",0.443532986111098,0.364756944444441,0.38046875,0.281250000000001,0.0257167545165943,0.00942307713225538,0.668389026583536,0.322187896284234,2
"square_spiral",5,"Monkey 2",0.404644097222251,0.285546875000002,0.38046875,0.16171875,0.0257167545165943,0.0198087128847815,0.518082410336793,0.462108876778436,3
"square_spiral",6,"Monkey 2",0.416145833333333,0.248697916666673,0.5,0.16171875,0.0257167545165943,3.8484324830103e-07,0.592550006935146,0.407449608221579,4
"square_spiral",7,"Monkey 2",0.406206597222211,0.194140624999983,0.61953125,0.16171875,0.0257167545165943,5.97515713035927e-05,0.739966029316947,0.259974219111779,5
"square_spiral",8,"Monkey 2",0.435069444444439,0.200564236111116,0.7390625,0.16171875,0.0257167545165943,0.000242244392350295,0.76834717223863,0.231410583369056,6
"square_spiral",9,"Monkey 2",0.547178819444447,0.192925347222223,0.7390625,0.28125,0.0257167545165943,2.37010333285537e-06,0.717213612991539,0.282784016905081,7
"square_spiral",10,"Monkey 2",0.636111111111136,0.236762152777778,0.7390625,0.40078125,0.0257167545165943,2.09934332436636e-05,0.726908088366868,0.273070918199895,8
"square_spiral",11,"Monkey 2",0.627734375000001,0.304253472222223,0.7390625,0.520312500000001,0.0257167545165943,1.24467175004914e-07,0.741688187863922,0.258311687668906,9
"square_spiral",12,"Monkey 2",0.618750000000003,0.385416666666645,0.61953125,0.520312500000001,0.0257167545165943,2.59269012019321e-05,0.50513481309953,0.494839259999264,10
"square_spiral",13,"Monkey 2",0.534331597222221,0.402734375000001,0.5,0.520312500000001,0.0257167545165943,0.00105664792092134,0.594059360165888,0.404883991913191,11
"square_spiral",14,"Monkey 2",0.528428819444443,0.409982638888881,0.38046875,0.520312500000001,0.0257167545165943,0.00396334254066146,0.547539563614876,0.448497093844461,12
"stairs",3,"Monkey 2",0.6665943287037,0.125831886574074,0.681855518887001,0.145194866963498,0.0257167545165943,0.517718546196817,0.0147050802855088,0.467576373517674,1
"stairs",4,"Monkey 2",0.651728877314821,0.174262152777778,0.643437500000002,0.150939618343491,0.0257167545165943,0.354414163934368,0.0608571267162482,0.584728709349391,2
"stairs",5,"Monkey 2",0.600694444444453,0.169813368055555,0.634043018887,0.188631660849001,0.0257167545165943,0.453080745180642,0.0609168040798363,0.486002450739527,3
"stairs",6,"Monkey 2",0.617730034722225,0.219907407407409,0.595625000000001,0.194376412228994,0.0257167545165943,0.458814915970454,0.0267554293437377,0.514429654685808,4
"stairs",7,"Monkey 2",0.55443431712964,0.211588541666667,0.586230518886999,0.232068454734504,0.0257167545165943,0.436697500937262,0.112401832355592,0.450900666707151,5
"stairs",8,"Monkey 2",0.57573784722222,0.255750868055556,0.5478125,0.237813206114497,0.0257167545165943,0.37922986992387,0.0119839055137157,0.608786224562415,6
"stairs",9,"Monkey 2",0.521412037037036,0.238534432870372,0.538418018886999,0.275505248620007,0.0257167545165943,0.312960472970034,0.0501103381405251,0.636929188889441,7
"stairs",10,"Monkey 2",0.545355902777775,0.303276909722221,0.499999999999999,0.28125,0.0257167545165943,0.299779533913109,0.0290754155526745,0.671145050534216,8
"stairs",11,"Monkey 2",0.477394386574075,0.280201099537041,0.490605518886998,0.318942042505509,0.0257167545165943,0.319369593778326,0.0496208764026206,0.631009529819054,9
"stairs",12,"Monkey 2",0.485568576388895,0.347186053240739,0.452187499999998,0.324686793885502,0.0257167545165943,0.346739708351756,0.0426620581129777,0.610598233535266,10
"stairs",13,"Monkey 2",0.43525752314815,0.329354745370368,0.442793018886997,0.362378836391013,0.0257167545165943,0.3153815321452,0.105777732142051,0.578840735712749,11
"stairs",14,"Monkey 2",0.430483217592594,0.385199652777778,0.404374999999997,0.368123587771006,0.0257167545165943,0.426616373784161,0.0577417923327655,0.515641833883073,12
"stairs_2",3,"Monkey 2",0.391316731770826,0.106689453125001,0.329812225275496,0.161491895627152,0.0257167545165943,0.134931530641934,0.115592410545361,0.7494760588127,1
"stairs_2",4,"Monkey 2",0.365926106770833,0.184285481770833,0.362250549449006,0.159492857162914,0.0257167545165943,0.634626168988522,0.00900171263768065,0.356372118373798,2
"stairs_2",5,"Monkey 2",0.406005859374998,0.159383138020835,0.394688873622516,0.157493818698675,0.0257167545165943,0.662090431347028,0.0367691004530712,0.3011404681999,3
"stairs_2",6,"Monkey 2",0.440388997395832,0.161092122395834,0.398686950550993,0.222370467045695,0.0257167545165943,0.16779838060664,0.0467941204051824,0.785407498988178,4
"stairs_2",7,"Monkey 2",0.422648111979164,0.243408203124999,0.431125274724503,0.220371428581457,0.0257167545165943,0.538951299355325,0.0033698929690754,0.457678807675598,5
"stairs_2",8,"Monkey 2",0.452555338541661,0.24674479166667,0.463563598898013,0.218372390117218,0.0257167545165943,0.590921896258276,0.0653874152944401,0.343690688447279,6
"stairs_2",9,"Monkey 2",0.499104817708333,0.215169270833335,0.46756167582649,0.283249038464238,0.0257167545165943,0.184074655640817,0.0837966345655411,0.732128709793642,7
"stairs_2",10,"Monkey 2",0.477254231770838,0.313883463541671,0.5,0.28125,0.0257167545165943,0.510064549113396,0.0811333499760875,0.408802100910508,8
"stairs_2",11,"Monkey 2",0.535237630208334,0.280802408854167,0.532438324173509,0.279250961535761,0.0257167545165943,0.624769976352121,0.0276099912604549,0.347620032387424,9
"stairs_2",12,"Monkey 2",0.58935546875,0.269938151041666,0.536436401101986,0.344127609882781,0.0257167545165943,0.0869373353723444,0.187841679220866,0.725220985406789,10
"stairs_2",13,"Monkey 2",0.562215169270832,0.348063151041669,0.568874725275496,0.342128571418543,0.0257167545165943,0.543569054576511,0.033116304955614,0.423314640467875,11
"stairs_2",14,"Monkey 2",0.622680664062501,0.363403320312502,0.601313049449006,0.340129532954304,0.0257167545165943,0.675288008843329,0.0684343831071752,0.256277608049497,12
"triangle_1",3,"Monkey 2",0.460056678921574,0.239430147058825,0.41996378173862,0.21193660176281,0.0257167545165943,0.561892307043187,0.262455983448546,0.17565170950826,1
"triangle_1",4,"Monkey 2",0.427466299019605,0.20063572303922,0.58003621826138,0.21193660176281,0.0257167545165943,0.110492821054532,0.0838561908505131,0.805650988094952,2
"triangle_1",5,"Monkey 2",0.425436580882352,0.210899203431374,0.5,0.350563398237191,0.0257167545165943,0.00585949172492185,0.916387558656556,0.0777529496185223,3
"triangle_1",6,"Monkey 2",0.455384497549016,0.226945465686278,0.41996378173862,0.21193660176281,0.0257167545165943,0.757672078988342,0.129298244643038,0.113029676368617,4
"triangle_1",7,"Monkey 2",0.437844669117642,0.230583639705873,0.580036218261379,0.21193660176281,0.0257167545165943,0.234035720364115,0.196714749818557,0.569249529817356,5
"triangle_1",8,"Monkey 2",0.470358455882348,0.22380514705882,0.5,0.350563398237191,0.0257167545165943,0.0353598770572263,0.629840363510649,0.33479975943213,6
"triangle_1",9,"Monkey 2",0.43018535539215,0.240962009803919,0.419963781738621,0.21193660176281,0.0257167545165943,0.817448004501596,0.123631677485607,0.0589203180127934,7
"triangle_1",10,"Monkey 2",0.440678615196074,0.216030943627453,0.58003621826138,0.21193660176281,0.0257167545165943,0.0588254648221742,0.0785257821507728,0.862648753027045,8
"triangle_1",11,"Monkey 2",0.436044730392153,0.217371323529415,0.5,0.350563398237191,0.0257167545165943,0.0606207345621013,0.820649836580772,0.118729428857127,9
"triangle_1",12,"Monkey 2",0.428232230392157,0.210784313725495,0.419963781738621,0.21193660176281,0.0257167545165943,0.897973608943488,0.0764349805703918,0.0255914104861199,10
"triangle_1",13,"Monkey 2",0.457375919117644,0.232651654411774,0.58003621826138,0.21193660176281,0.0257167545165943,0.120256432110598,0.203746014870591,0.675997553018801,11
"triangle_1",14,"Monkey 2",0.472656250000015,0.228783700980407,0.5,0.350563398237191,0.0257167545165943,0.0615547292608075,0.704808099149487,0.233637171589703,12
"zigzag_1",3,"Monkey 2",0.625528971354167,0.197916666666673,0.662468620185604,0.26509524090039,0.0257167545165943,0.00211366384282669,0.160529397048798,0.837356939108377,1
"zigzag_1",4,"Monkey 2",0.640380859375,0.285929361979164,0.643437499999998,0.324829378763322,0.0257167545165943,0.145272119489466,0.160311987145494,0.69441589336504,2
"zigzag_1",5,"Monkey 2",0.602132161458348,0.336507161458333,0.614656120185605,0.269133930675292,0.0257167545165943,0.00847853838268641,0.193537725161416,0.797983736455894,3
"zigzag_1",6,"Monkey 2",0.583536783854165,0.269612630208334,0.585874740371212,0.213438482587263,0.0257167545165943,0.0691126146639948,0.125751001293067,0.805136384042938,4
"zigzag_1",7,"Monkey 2",0.56510416666666,0.189046223958334,0.566843620185605,0.273172620450195,0.0257167545165943,0.0129631350158877,0.277944603704653,0.709092261279459,5
"zigzag_1",8,"Monkey 2",0.5379638671875,0.28857421875,0.547812499999999,0.332906758313127,0.0257167545165943,0.0674756999181707,0.0515865885866302,0.880937711495199,6
"zigzag_1",9,"Monkey 2",0.520100911458332,0.352376302083332,0.519031120185606,0.277211310225097,0.0257167545165943,0.0231064351695413,0.184292476445213,0.792601088385246,7
"zigzag_1",10,"Monkey 2",0.435017903645831,0.26261393229167,0.490249740371213,0.221515862137067,0.0257167545165943,0.106545973871139,0.332678638266021,0.560775387862828,8
"zigzag_1",11,"Monkey 2",0.474568684895833,0.208536783854168,0.471218620185607,0.28125,0.0257167545165943,0.00759877355588438,0.0636655948348535,0.928735631609261,9
"zigzag_1",12,"Monkey 2",0.433675130208336,0.285725911458341,0.452187500000001,0.340984137862932,0.0257167545165943,0.0190009790760118,0.0997598721140911,0.88123914880989,10
"zigzag_1",13,"Monkey 2",0.438842773437498,0.358520507812498,0.423406120185608,0.285288689774902,0.0257167545165943,0.00737648464249024,0.0709477528647297,0.92167576249278,11
"zigzag_1",14,"Monkey 2",0.380655924479168,0.252685546875,0.394624740371214,0.229593241686873,0.0257167545165943,0.116508395158888,0.147832359346471,0.735659245494641,12
"zigzag_2",3,"Monkey 2",0.672562210648143,0.309968171296296,0.704131968605912,0.347359369676026,0.0257167545165943,0.137433038880047,0.0703932502938113,0.79217371082614,1
"zigzag_2",4,"Monkey 2",0.670898437500006,0.359845196759259,0.66523792584054,0.291998916497849,0.0257167545165943,0.107972511396636,0.109093543153734,0.78293394544962,2
"zigzag_2",5,"Monkey 2",0.615125868055555,0.274884259259256,0.626343883075168,0.236638463319672,0.0257167545165943,0.329405059374812,0.117755233039834,0.552839707585354,3
"zigzag_2",6,"Monkey 2",0.597728587962962,0.222475405092581,0.587449840309796,0.181278010141495,0.0257167545165943,0.235207623987683,0.117005883430561,0.647786492581759,4
"zigzag_2",7,"Monkey 2",0.566153067129632,0.180193865740739,0.575806329845101,0.247926003380498,0.0257167545165943,0.0173167010715767,0.167996031181901,0.814687267746523,5
"zigzag_2",8,"Monkey 2",0.567418981481477,0.253291377314811,0.564162819380405,0.314573996619502,0.0257167545165943,0.243486946561362,0.248662309018966,0.507850744419668,6
"zigzag_2",9,"Monkey 2",0.569589120370375,0.31904658564815,0.55251930891571,0.381221989858505,0.0257167545165943,0.0815085587230795,0.125547253726846,0.792944187550064,7
"zigzag_2",10,"Monkey 2",0.535843460648148,0.391565393518518,0.513625266150338,0.325861536680328,0.0257167545165943,0.15018162284691,0.0303256888744309,0.819492688278659,8
"zigzag_2",11,"Monkey 2",0.480758101851854,0.306929976851848,0.474731223384966,0.270501083502151,0.0257167545165943,0.39452464145108,0.0698624704016045,0.535612888147315,9
"zigzag_2",12,"Monkey 2",0.437861689814811,0.240162037037039,0.435837180619594,0.215140630323973,0.0257167545165943,0.341187516225611,0.0730700888899045,0.585742394884484,10
"zigzag_2",13,"Monkey 2",0.420319733796293,0.199254918981486,0.424193670154899,0.281788623562977,0.0257167545165943,0.0439367831165102,0.0571231174786965,0.898940099404793,11
"zigzag_2",14,"Monkey 2",0.421513310185181,0.290183738425927,0.412550159690203,0.34843661680198,0.0257167545165943,0.163650055810185,0.0138364282210903,0.822513515968726,12
"zigzag_3",3,"Monkey 2",0.60762532552082,0.158854166666665,0.628119731049102,0.146209029639117,0.0257167545165943,0.718871017528619,0.0651372019320095,0.215991780539372,1
"zigzag_3",4,"Monkey 2",0.575154622395837,0.163492838541663,0.591138808065468,0.141914789114567,0.0257167545165943,0.684738401635156,0.0665972019756157,0.248664396389232,2
"zigzag_3",5,"Monkey 2",0.557169596354164,0.147013346354161,0.586844567540918,0.1788957120982,0.0257167545165943,0.491909444817797,0.0240640404794571,0.484026514702746,3
"zigzag_3",6,"Monkey 2",0.568440755208332,0.211588541666664,0.582550327016368,0.215876635081834,0.0257167545165943,0.731188439534464,0.00381576669605659,0.264995793769479,4
"zigzag_3",7,"Monkey 2",0.561279296875,0.235229492187496,0.578256086491817,0.252857558065467,0.0257167545165943,0.638146713284232,0.0499978168916816,0.311855469824087,5
"zigzag_3",8,"Monkey 2",0.58015950520833,0.288736979166667,0.573961845967267,0.289838481049101,0.0257167545165943,0.684834335302906,0.0348302174433736,0.28033544725372,6
"zigzag_3",9,"Monkey 2",0.573608398437495,0.314290364583336,0.536980922983633,0.285544240524551,0.0257167545165943,0.444230108750926,0.0396189469035098,0.516150944345564,7
"zigzag_3",10,"Monkey 2",0.502360026041664,0.291219075520833,0.499999999999999,0.28125,0.0257167545165943,0.680189462072877,0.0581061273030398,0.261704410624083,8
"zigzag_3",11,"Monkey 2",0.477132161458334,0.284301757812501,0.463019077016366,0.27695575947545,0.0257167545165943,0.593350179559999,0.00787382163321004,0.398775998806791,9
"zigzag_3",12,"Monkey 2",0.425008138020824,0.286092122395834,0.426038154032732,0.2726615189509,0.0257167545165943,0.588874693950686,0.140134008300519,0.270991297748796,10
"zigzag_3",13,"Monkey 2",0.387695312499998,0.266031901041667,0.421743913508182,0.309642441934533,0.0257167545165943,0.266604511646419,0.142154946707666,0.591240541645897,11
"zigzag_3",14,"Monkey 2",0.412719726562498,0.316772460937506,0.417449672983632,0.346623364918167,0.0257167545165943,0.490916837723503,0.149810804871797,0.359272357404699,12
"zigzag_widening",3,"Monkey 2",0.590073529411765,0.334290747549019,0.567611983610048,0.391108242277083,0.0257167545165943,0.00912671484310464,0.0392816572085408,0.951591627948355,1
"zigzag_widening",4,"Monkey 2",0.536381740196077,0.397058823529413,0.594523507940269,0.343164635452298,0.0257167545165943,0.00327364636896639,0.0796273333988346,0.917099020232199,2
"zigzag_widening",5,"Monkey 2",0.571537990196079,0.296683517156861,0.543640180197656,0.377652480111973,0.0257167545165943,0.00127145690603327,0.252918072847243,0.745810470246746,3
"zigzag_widening",6,"Monkey 2",0.513671875000001,0.380170036764706,0.579704040065856,0.320011055465486,0.0257167545165943,0.0012678963741457,0.0304222298054604,0.968309873820394,4
"zigzag_widening",7,"Monkey 2",0.575214460784319,0.290364583333331,0.519668376785263,0.364196717946863,0.0257167545165943,0.0011989099303221,0.189381779301156,0.809419310768523,5
"zigzag_widening",8,"Monkey 2",0.505476409313729,0.354243259803907,0.564884572191444,0.296857475478675,0.0257167545165943,0.0572451460584281,0.093100249077221,0.84965460486435,6
"zigzag_widening",9,"Monkey 2",0.559397977941176,0.266276041666665,0.49569657337287,0.350740955781753,0.0257167545165943,0.00328275708827074,0.0647603437216662,0.931956899190063,7
"zigzag_widening",10,"Monkey 2",0.497319240196078,0.341184129901962,0.550065104317031,0.273703895491864,0.0257167545165943,0.080326530142461,0.104581509415032,0.815091960442507,8
"zigzag_widening",11,"Monkey 2",0.548789828431373,0.230890012254903,0.471724769960478,0.337285193616643,0.0257167545165943,0.0325900414198083,0.220361921898461,0.747048036681731,9
"zigzag_widening",12,"Monkey 2",0.465265012254902,0.277803308823538,0.535245636442619,0.250550315505052,0.0257167545165943,0.170180954506746,0.257041547136412,0.572777498356828,10
"zigzag_widening",13,"Monkey 2",0.525543811274512,0.210094975490204,0.447752966548085,0.323829431451533,0.0257167545165943,0.0354221091383987,0.323147402627614,0.641430488233986,11
"zigzag_widening",14,"Monkey 2",0.430874693627455,0.303462009803927,0.520426168568207,0.22739673551824,0.0257167545165943,0.106690643262969,0.2824363102078,0.610873046529229,12
"3_pts",3,"Monkey 1",0.561476934523767,0.257316468253959,0.41996378173862,0.28125,0.0402871487222467,2.35973466179017e-05,0.257473639246152,0.742502763407229,1
"3_pts",4,"Monkey 1",0.40324280753969,0.255611359126982,0.5,0.28125,0.0402871487222467,0.0192391148054962,0.3692812919068,0.611479593287704,2
"3_pts",5,"Monkey 1",0.547464037698437,0.267175099206342,0.58003621826138,0.28125,0.0402871487222467,0.0497256059074428,0.105795724192632,0.844478669899925,3
"3_pts",6,"Monkey 1",0.625372023809525,0.266307043650796,0.41996378173862,0.28125,0.0402871487222467,5.68005739645481e-05,0.0397160420706908,0.960227157355345,4
"3_pts",7,"Monkey 1",0.445064484126988,0.260602678571427,0.5,0.28125,0.0402871487222467,0.0233467208179279,0.373872730167632,0.602780549014431,5
"3_pts",8,"Monkey 1",0.555245535714292,0.259889632936508,0.58003621826138,0.28125,0.0402871487222467,0.0605481110403166,0.218820502590437,0.720631386369254,6
"3_pts",9,"Monkey 1",0.673797123015865,0.257409474206342,0.41996378173862,0.28125,0.0402871487222467,2.32724475318175e-07,0.28721290050913,0.712786866766396,7
"3_pts",10,"Monkey 1",0.4958767361111,0.249534970238093,0.5,0.28125,0.0402871487222467,0.0199086431881904,0.307996999847729,0.672094356964084,8
"3_pts",11,"Monkey 1",0.5793960813492,0.254588293650792,0.58003621826138,0.28125,0.0402871487222467,0.0432281308855212,0.295822733073191,0.660949136041277,9
"3_pts",12,"Monkey 1",0.646112351190506,0.254805307539683,0.41996378173862,0.28125,0.0402871487222467,5.53596589162706e-05,0.191315648519787,0.808628991821297,10
"3_pts",13,"Monkey 1",0.514570932539681,0.263485863095238,0.5,0.28125,0.0402871487222467,0.0354168905553783,0.360864186332904,0.60371892311172,11
"3_pts",14,"Monkey 1",0.539527529761888,0.25449528769841,0.58003621826138,0.28125,0.0402871487222467,0.0493274636936263,0.237165935857905,0.713506600448473,12
"alternating_diff_1",3,"Monkey 1",0.37811053240741,0.305157696759253,0.308749999999999,0.25734375,0.0402871487222467,0.711707327707737,0.0692094409266811,0.219083231365582,1
"alternating_diff_1",4,"Monkey 1",0.361147280092594,0.224103009259264,0.356562499999999,0.25734375,0.0402871487222467,0.906940711173518,0.00986432364100909,0.0831949651854725,2
"alternating_diff_1",5,"Monkey 1",0.430157696759259,0.235713252314815,0.356562499999999,0.30515625,0.0402871487222467,0.565905253318271,0.0890881514332513,0.345006595248477,3
"alternating_diff_1",6,"Monkey 1",0.413339120370369,0.331958912037035,0.404374999999999,0.30515625,0.0402871487222467,0.91678144646437,0.003002412288174,0.0802161412474562,4
"alternating_diff_1",7,"Monkey 1",0.457682291666665,0.296657986111111,0.404374999999999,0.25734375,0.0402871487222467,0.748720372495208,0.00713357699008847,0.244146050514703,5
"alternating_diff_1",8,"Monkey 1",0.44654224537037,0.223560474537037,0.452187499999999,0.25734375,0.0402871487222467,0.873612275238571,0.00385257573901918,0.12253514902241,6
"alternating_diff_1",9,"Monkey 1",0.510561342592592,0.248734085648147,0.452187499999999,0.30515625,0.0402871487222467,0.662298652690718,0.0212795191377345,0.316421828171548,7
"alternating_diff_1",10,"Monkey 1",0.50238715277778,0.323893229166668,0.499999999999999,0.30515625,0.0402871487222467,0.906173447029569,0.00332446840635488,0.0905020845640758,8
"alternating_diff_1",11,"Monkey 1",0.548538773148145,0.304542824074072,0.499999999999999,0.25734375,0.0402871487222467,0.697820223216496,0.0241605305907043,0.278019246192799,9
"alternating_diff_1",12,"Monkey 1",0.546115451388884,0.248589409722218,0.547812499999999,0.25734375,0.0402871487222467,0.888305251549574,0.00499463885744814,0.106700109592978,10
"alternating_diff_1",13,"Monkey 1",0.598126446759258,0.247612847222222,0.547812499999999,0.30515625,0.0402871487222467,0.657933306921513,0.0122081300564899,0.329858563021997,11
"alternating_diff_1",14,"Monkey 1",0.606698495370368,0.321469907407406,0.595624999999999,0.30515625,0.0402871487222467,0.912944987298527,0.00659305124557795,0.0804619614558949,12
"alternating_diff_2",3,"Monkey 1",0.379231770833331,0.286328124999996,0.332656249999999,0.257343749999999,0.0402871487222467,0.893891822238088,0.0073081387246309,0.0988000390372807,1
"alternating_diff_2",4,"Monkey 1",0.383007812499999,0.231803385416664,0.356562499999999,0.305156249999999,0.0402871487222467,0.681244929273643,0.0170357141876069,0.30171935653875,2
"alternating_diff_2",5,"Monkey 1",0.417643229166664,0.326920572916665,0.380468749999999,0.305156249999999,0.0402871487222467,0.926808463341444,0.004717819472676,0.0684737171858805,3
"alternating_diff_2",6,"Monkey 1",0.432942708333331,0.310123697916665,0.404374999999999,0.305156249999999,0.0402871487222467,0.915869359154644,0.00407653420771664,0.0800541066376392,4
"alternating_diff_2",7,"Monkey 1",0.452441406249999,0.303190104166666,0.428281249999999,0.257343749999999,0.0402871487222467,0.826896133719024,0.00395135112186413,0.169152515159112,5
"alternating_diff_2",8,"Monkey 1",0.472819010416665,0.210904947916663,0.452187499999999,0.305156249999999,0.0402871487222467,0.572427621490371,0.037089351800069,0.39048302670956,6
"alternating_diff_2",9,"Monkey 1",0.501236979166666,0.320963541666662,0.476093749999999,0.305156249999999,0.0402871487222467,0.911893793145612,0.00529373279124099,0.0828124740631468,7
"alternating_diff_2",10,"Monkey 1",0.522753906249998,0.304589843750001,0.499999999999999,0.305156249999999,0.0402871487222467,0.914187814793239,0.00261428942137614,0.0831978957853852,8
"alternating_diff_2",11,"Monkey 1",0.548697916666666,0.304980468749998,0.523906249999999,0.257343749999999,0.0402871487222467,0.830734572842344,0.00561299982406056,0.163652427333596,9
"alternating_diff_2",12,"Monkey 1",0.549641927083332,0.231966145833334,0.547812499999999,0.305156249999999,0.0402871487222467,0.655293773926388,0.0122944905903064,0.332411735483306,10
"alternating_diff_2",13,"Monkey 1",0.590364583333332,0.323372395833332,0.571718749999999,0.305156249999999,0.0402871487222467,0.907954638518626,0.00256075657778324,0.089484604903591,11
"alternating_diff_2",14,"Monkey 1",0.62998046875,0.309667968749998,0.595624999999999,0.305156249999999,0.0402871487222467,0.910239837247198,0.018967569742848,0.0707925930099543,12
"f_curly_2",3,"Monkey 1",0.505276864035089,0.441371984649126,0.545802086721127,0.370099421970143,0.0402871487222467,0.0711508347149182,0.145976061853468,0.782873103431614,1
"f_curly_2",4,"Monkey 1",0.50469435307017,0.32103207236842,0.609307323026029,0.322716064024222,0.0402871487222467,0.025241361641454,0.167157696845512,0.807600941513036,2
"f_curly_2",5,"Monkey 1",0.642406798245617,0.276315789473685,0.643935258288884,0.372952855590841,0.0402871487222467,0.0151184961322119,0.156814218681691,0.828067285186097,3
"f_curly_2",6,"Monkey 1",0.638192160087712,0.366433662280707,0.576817514340968,0.426567348781731,0.0402871487222467,0.00211348553917824,0.253965849428747,0.743920665032077,4
"f_curly_2",7,"Monkey 1",0.542386239035076,0.425164473684196,0.474411695570596,0.384691822171342,0.0402871487222467,0.0587329457726101,0.180090747020129,0.76117630720726,5
"f_curly_2",8,"Monkey 1",0.410396107456141,0.357147752192988,0.451497317776199,0.279218316678864,0.0402871487222467,0.0370949959097713,0.178619723736738,0.78428528035349,6
"f_curly_2",9,"Monkey 1",0.443530701754378,0.237767269736845,0.514001872721757,0.229127101098333,0.0402871487222467,0.0266063652349762,0.109246391126549,0.86414724363848,7
"f_curly_2",10,"Monkey 1",0.564041940789489,0.173759594298247,0.550883986021027,0.277560413379683,0.0402871487222467,0.00937765550601992,0.238283845903574,0.75233849859041,8
"f_curly_2",11,"Monkey 1",0.623972039473695,0.293551260964915,0.48618850891986,0.332745409507658,0.0402871487222467,0.00262292767673783,0.197428285347087,0.799948786976175,9
"f_curly_2",12,"Monkey 1",0.441406250000014,0.361430921052638,0.38305610192201,0.29366379157508,0.0402871487222467,0.0727983448991869,0.272025093141432,0.655176561959378,10
"f_curly_2",13,"Monkey 1",0.361842105263155,0.282140899122807,0.35726123824811,0.188381746914724,0.0402871487222467,0.0359138836081654,0.121290876337762,0.842795240054066,11
"f_curly_2",14,"Monkey 1",0.380859375000023,0.133943256578946,0.418675818196403,0.135617366420165,0.0402871487222467,0.0562867883294956,0.159559133130148,0.784154078540354,12
"hexagon",3,"Monkey 1",0.715364583333344,0.289453125000006,0.580025450005843,0.419858145308685,0.0402871487222467,0.00690676847842494,0.312923358739246,0.680169872782329,1
"hexagon",4,"Monkey 1",0.515169270833331,0.386979166666666,0.419974549994157,0.419858145308685,0.0402871487222467,0.119051411130584,0.462303807188238,0.418644781681184,2
"hexagon",5,"Monkey 1",0.417220052083316,0.34521484374999,0.339949099988313,0.28125,0.0402871487222467,0.0195023303317968,0.696299583466059,0.28419808620214,3
"hexagon",6,"Monkey 1",0.386490885416667,0.230013020833319,0.419974549994156,0.142641854691316,0.0402871487222467,0.0260369205516813,0.616946122725486,0.357016956722822,4
"hexagon",7,"Monkey 1",0.528320312499992,0.145930989583327,0.580025450005843,0.142641854691316,0.0402871487222467,0.0365650584274299,0.527540068847478,0.435894872725098,5
"hexagon",8,"Monkey 1",0.733203125000002,0.175195312500001,0.660050900011687,0.28125,0.0402871487222467,0.000835088527262605,0.775805880155715,0.223359031317007,6
"hexagon",9,"Monkey 1",0.716048177083284,0.291503906250021,0.580025450005843,0.419858145308685,0.0402871487222467,0.000248338569133938,0.768817050054967,0.230934611375891,7
"hexagon",10,"Monkey 1",0.687597656249998,0.293847656249979,0.419974549994157,0.419858145308685,0.0402871487222467,5.92314914981033e-05,0.629220342376407,0.370720426132093,8
"hexagon",11,"Monkey 1",0.614843750000054,0.298144531250028,0.339949099988313,0.28125,0.0402871487222467,0.00416511088736274,0.798590306729175,0.197244582383453,9
"hexagon",12,"Monkey 1",0.514388020833368,0.241861979166671,0.419974549994157,0.142641854691316,0.0402871487222467,0.025827562847664,0.596008158288668,0.378164278863691,10
"hexagon",13,"Monkey 1",0.587565104166663,0.127018229166668,0.580025450005843,0.142641854691316,0.0402871487222467,0.0807624292261016,0.439322175671076,0.479915395102823,11
"hexagon",14,"Monkey 1",0.725651041666673,0.14524739583332,0.660050900011687,0.28125,0.0402871487222467,0.0117458867808318,0.677289957478757,0.310964155740418,12
"hourglass_1",3,"Monkey 1",0.519824218750011,0.353059895833339,0.556880246052582,0.338130246052582,0.0402871487222467,0.025871484587677,0.446865535297787,0.527262980114535,1
"hourglass_1",4,"Monkey 1",0.681803385416651,0.336132812500001,0.443119753947418,0.224369753947418,0.0402871487222467,0.00149194193708062,0.392300641471358,0.606207416591571,2
"hourglass_1",5,"Monkey 1",0.555631510416671,0.268359375000019,0.556880246052582,0.224369753947418,0.0402871487222467,0.0161023803233001,0.561651572625059,0.422246047051631,3
"hourglass_1",6,"Monkey 1",0.665299479166661,0.227799479166659,0.443119753947418,0.338130246052582,0.0402871487222467,2.45186201385388e-05,0.55013333725249,0.449842144127372,4
"hourglass_1",7,"Monkey 1",0.669075520833347,0.268554687500008,0.556880246052582,0.338130246052582,0.0402871487222467,0.0116771407661819,0.693941412578844,0.29438144665497,5
"hourglass_1",8,"Monkey 1",0.664420572916732,0.30299479166666,0.443119753947418,0.224369753947418,0.0402871487222467,6.54458600234607e-05,0.657357425229575,0.342577128910402,6
"hourglass_1",9,"Monkey 1",0.542382812500036,0.268945312500002,0.556880246052582,0.224369753947418,0.0402871487222467,0.0181053761957708,0.606067018089625,0.375827605714601,7
"hourglass_1",10,"Monkey 1",0.659960937500002,0.219791666666672,0.443119753947418,0.338130246052582,0.0402871487222467,0.00051018745927431,0.503900316163163,0.495589496377527,8
"hourglass_1",11,"Monkey 1",0.639388020833368,0.30214843750001,0.556880246052582,0.338130246052582,0.0402871487222467,0.0176540231386353,0.764428430767588,0.217917546093785,9
"hourglass_1",12,"Monkey 1",0.700065104166666,0.299999999999981,0.443119753947418,0.224369753947418,0.0402871487222467,1.66486464624295e-07,0.490695149250689,0.509304684262832,10
"hourglass_1",13,"Monkey 1",0.583984374999997,0.284472656250006,0.556880246052582,0.224369753947418,0.0402871487222467,0.0174525288911074,0.609010474111256,0.373536996997632,11
"hourglass_1",14,"Monkey 1",0.649186197916663,0.244238281250004,0.443119753947418,0.338130246052582,0.0402871487222467,0.000177930835753251,0.422677490575257,0.577144578588993,12
"increasing_lines",3,"Monkey 1",0.491536458333332,0.205910011574073,0.402715476476929,0.261793095295385,0.0402871487222467,0.0557383253251705,0.0974912472609286,0.846770427413901,1
"increasing_lines",4,"Monkey 1",0.409722222222217,0.296585648148149,0.441629285886157,0.261793095295385,0.0402871487222467,0.171463284904404,0.173351009377695,0.6551857057179,2
"increasing_lines",5,"Monkey 1",0.497070312500001,0.261429398148148,0.480543095295386,0.261793095295385,0.0402871487222467,0.350724440959524,0.0515736666039487,0.597701892436528,3
"increasing_lines",6,"Monkey 1",0.489113136574093,0.265046296296298,0.402715476476929,0.300706904704614,0.0402871487222467,0.0300671864816437,0.0866021639908662,0.88333064952749,4
"increasing_lines",7,"Monkey 1",0.391276041666671,0.320457175925927,0.441629285886157,0.300706904704614,0.0402871487222467,0.106898990895192,0.0821737995523127,0.810927209552495,5
"increasing_lines",8,"Monkey 1",0.501410590277772,0.316948784722221,0.480543095295386,0.300706904704614,0.0402871487222467,0.29121898775633,0.108330834661673,0.600450177581996,6
"increasing_lines",9,"Monkey 1",0.494393807870386,0.284903067129628,0.519456904704614,0.300706904704614,0.0402871487222467,0.260776320272317,0.0819864900405241,0.657237189687161,7
"increasing_lines",10,"Monkey 1",0.555157696759259,0.295175057870372,0.402715476476929,0.339620714113842,0.0402871487222467,0.000928144404774933,0.0488069628378654,0.95026489275736,8
"increasing_lines",11,"Monkey 1",0.433232060185201,0.355287905092597,0.441629285886157,0.339620714113842,0.0402871487222467,0.0866182592745785,0.186035814070676,0.727345926654741,9
"increasing_lines",12,"Monkey 1",0.493634259259246,0.331307870370371,0.480543095295386,0.339620714113842,0.0402871487222467,0.21915108654583,0.0922248866442595,0.688624026809908,10
"increasing_lines",13,"Monkey 1",0.540039062499989,0.340096932870366,0.519456904704614,0.339620714113842,0.0402871487222467,0.279294211838254,0.0728603336122514,0.64784545454949,11
"increasing_lines",14,"Monkey 1",0.573025173611082,0.31807002314815,0.558370714113843,0.339620714113842,0.0402871487222467,0.247569558070181,0.0659737843589995,0.686456657570823,12
"line",3,"Monkey 1",0.718894675925925,0.117513020833334,0.744224141830017,0.0933852755153722,0.0402871487222467,0.998469321452119,0.000407709994259267,0.00112296855362142,1
"line",4,"Monkey 1",0.708369502314816,0.118489583333338,0.709334978711443,0.120223093298891,0.0402871487222467,0.997513204170579,4.26210211738574e-05,0.00244417480824757,2
"line",5,"Monkey 1",0.668511284722222,0.145037615740741,0.674445815592869,0.147060911082409,0.0402871487222467,0.997551091466444,4.45753888268312e-05,0.0024043331447296,3
"line",6,"Monkey 1",0.630823206018518,0.159866898148149,0.639556652474295,0.173898728865927,0.0402871487222467,0.997706194411759,6.38085706043654e-05,0.00222999701763662,4
"line",7,"Monkey 1",0.618634259259259,0.198784722222223,0.604667489355721,0.200736546649445,0.0402871487222467,0.996472223586083,5.67999056811952e-05,0.00347097650823614,5
"line",8,"Monkey 1",0.557219328703701,0.222945601851852,0.569778326237148,0.227574364432964,0.0402871487222467,0.998140107880682,3.72251728729224e-05,0.00182266694644553,6
"line",9,"Monkey 1",0.532479745370369,0.234266493055555,0.534889163118574,0.254412182216482,0.0402871487222467,0.996723353501362,5.38930186968421e-05,0.0032227534799415,7
"line",10,"Monkey 1",0.489221643518519,0.276801215277777,0.5,0.28125,0.0402871487222467,0.997303906937289,6.09903714612543e-05,0.00263510269124983,8
"line",11,"Monkey 1",0.458007812500003,0.298611111111112,0.465110836881426,0.308087817783518,0.0402871487222467,0.997657318377719,4.46092134199622e-05,0.00229807240886132,9
"line",12,"Monkey 1",0.409143518518518,0.317057291666668,0.430221673762853,0.334925635567037,0.0402871487222467,0.997739732124223,5.50509147778248e-05,0.00220521696099873,10
"line",13,"Monkey 1",0.378002025462964,0.36009837962963,0.395332510644279,0.361763453350555,0.0402871487222467,0.998383086244427,4.2604790325256e-05,0.00157430896524829,11
"line",14,"Monkey 1",0.376555266203704,0.38744212962963,0.360443347525705,0.388601271134073,0.0402871487222467,0.996856851985694,3.91340491619199e-05,0.00310401396514398,12
"plus",3,"Monkey 1",0.544596354166665,0.0994285300925914,0.5,0.28125,0.0402871487222467,9.28686487658094e-06,0.170171034612533,0.82981967852259,1
"plus",4,"Monkey 1",0.55226417824074,0.309027777777794,0.580025450005842,0.284098383898057,0.0402871487222467,0.0296208327020213,0.408897718231472,0.561481449066506,2
"plus",5,"Monkey 1",0.639576099537039,0.276150173611116,0.660050900011684,0.286946767796113,0.0402871487222467,0.0277248484042693,0.15946578703577,0.812809364559961,3
"plus",6,"Monkey 1",0.738425925925926,0.29951533564815,0.5,0.28125,0.0402871487222467,2.37687337575696e-07,0.297147184092537,0.702852578220125,4
"plus",7,"Monkey 1",0.587926793981504,0.263997395833332,0.497151616101944,0.361275450005842,0.0402871487222467,0.000973999296514843,0.335659704355402,0.663366296348079,5
"plus",8,"Monkey 1",0.577835648148158,0.338216145833326,0.494303232203887,0.441300900011684,0.0402871487222467,0.0127447143694965,0.437500787840786,0.549754497789718,6
"plus",9,"Monkey 1",0.486436631944436,0.416992187500006,0.5,0.28125,0.0402871487222467,0.00101857345071357,0.24940740084747,0.749574025701825,7
"plus",10,"Monkey 1",0.655128761574061,0.252206307870374,0.419974549994158,0.278401616101944,0.0402871487222467,0.000556991078686615,0.516938481308795,0.482504527612507,8
"plus",11,"Monkey 1",0.519278067129624,0.271086516203705,0.339949099988317,0.275553232203887,0.0402871487222467,0.0264253776913225,0.341500019558947,0.632074602749733,9
"plus",12,"Monkey 1",0.410554108796289,0.246708622685187,0.5,0.28125,0.0402871487222467,0.0171758989787081,0.401236677093253,0.581587423928056,10
"plus",13,"Monkey 1",0.585322627314813,0.243200231481484,0.502848383898057,0.201224549994159,0.0402871487222467,0.00621639469820881,0.397323280056834,0.596460325244954,11
"plus",14,"Monkey 1",0.58525028935187,0.187029803240745,0.505696767796113,0.121199099988317,0.0402871487222467,0.0148333702035589,0.431837341158169,0.553329288638265,12
"radial_1",3,"Monkey 1",0.602864583333336,0.267749451754384,0.656897264985479,0.311465520630531,0.0402871487222467,0.0111030315635579,0.523142389947747,0.465754578488696,1
"radial_1",4,"Monkey 1",0.688459429824539,0.29015899122807,0.5,0.278885005036604,0.0402871487222467,0.03393319159162,0.571149447264595,0.394917361143788,2
"radial_1",5,"Monkey 1",0.560923793859645,0.261341831140363,0.61958675946476,0.385549191702079,0.0402871487222467,0.00366174898417267,0.458105843017768,0.53823240799807,3
"radial_1",6,"Monkey 1",0.63774671052632,0.333367598684212,0.5,0.278885005036604,0.0402871487222467,0.0475720286083583,0.531021297343064,0.421406674048579,4
"radial_1",7,"Monkey 1",0.563185307017535,0.269805372807031,0.550233078320004,0.431052280095291,0.0402871487222467,6.05410867854161e-05,0.474459407700374,0.525480051212832,5
"radial_1",8,"Monkey 1",0.604783442982464,0.3048245614035,0.5,0.278885005036604,0.0402871487222467,0.0305465246649376,0.736903543954378,0.232549931380685,6
"radial_1",9,"Monkey 1",0.595497532894734,0.217276589912275,0.467419484406073,0.435782270022083,0.0402871487222467,0.000170523399801009,0.48268051276242,0.517148963837777,7
"radial_1",10,"Monkey 1",0.488658168859645,0.356256853070198,0.5,0.278885005036604,0.0402871487222467,0.0255474437454939,0.529312395384961,0.44514016086956,8
"radial_1",11,"Monkey 1",0.6147889254386,0.241742050438599,0.393335813334525,0.398471764501364,0.0402871487222467,3.83345688472118e-05,0.56605759581493,0.433904069616204,9
"radial_1",12,"Monkey 1",0.625274122807014,0.304242050438583,0.5,0.278885005036604,0.0402871487222467,0.035278078955669,0.76759210282291,0.197129818221424,10
"radial_1",13,"Monkey 1",0.600842927631573,0.256784539473693,0.347832724941313,0.329118083356608,0.0402871487222467,0.00907125659078056,0.615544646301154,0.375384097108054,11
"radial_1",14,"Monkey 1",0.6331208881579,0.256064967105266,0.5,0.278885005036604,0.0402871487222467,0.0364884396457967,0.794694281112321,0.168817279241878,12
"sine",3,"Monkey 1",0.368179563492067,0.343098958333334,0.332656249999999,0.291707413745452,0.0402871487222467,0.85720271681662,0.00605569307130835,0.136741590112071,1
"sine",4,"Monkey 1",0.378348214285714,0.254247271825398,0.356562499999999,0.227309534207043,0.0402871487222467,0.90975845368157,0.00207918558889013,0.0881623607295402,2
"sine",5,"Monkey 1",0.40541294642857,0.187779017857147,0.380468749999999,0.212813612843912,0.0402871487222467,0.945393780761338,0.00414575093703221,0.0504604683016296,3
"sine",6,"Monkey 1",0.44456845238095,0.181299603174605,0.404374999999999,0.261547132905955,0.0402871487222467,0.731372765455506,0.0367220470180469,0.231905187526447,4
"sine",7,"Monkey 1",0.449900793650795,0.28772941468254,0.428281249999999,0.328704720794272,0.0402871487222467,0.846137031825578,0.00509993083871553,0.148763037335706,5
"sine",8,"Monkey 1",0.470703124999999,0.341517857142856,0.452187499999999,0.352541999917429,0.0402871487222467,0.923341655486871,0.00211208262362228,0.074546261889507,6
"sine",9,"Monkey 1",0.492559523809521,0.374751984126982,0.476093749999999,0.311143085780841,0.0402871487222467,0.778624110782021,0.00794175718865273,0.213434132029326,7
"sine",10,"Monkey 1",0.532769097222221,0.285249255952382,0.499999999999999,0.242569949120812,0.0402871487222467,0.880291577872264,0.00541441306359396,0.114294009064142,8
"sine",11,"Monkey 1",0.543061755952381,0.216765873015871,0.523906249999999,0.20986841554135,0.0402871487222467,0.937631375407315,0.0012774354494794,0.0610911891432052,9
"sine",12,"Monkey 1",0.57344370039682,0.17373511904762,0.547812499999999,0.243104124204565,0.0402871487222467,0.822274140321374,0.0082355941045942,0.169490265574032,10
"sine",13,"Monkey 1",0.601376488095235,0.270337301587303,0.571718749999999,0.311720317839819,0.0402871487222467,0.852583086290473,0.0134981519136037,0.133918761795923,11
"sine",14,"Monkey 1",0.619729662698413,0.323567708333335,0.595624999999999,0.35263158445865,0.0402871487222467,0.917269151992407,0.00197624296158285,0.08075460504601,12
"spiral_outward",3,"Monkey 1",0.644433593749998,0.294921875000006,0.614199928717445,0.321910189654369,0.0402871487222467,0.635830543253008,0.0188983942827518,0.34527106246424,1
"spiral_outward",4,"Monkey 1",0.631608072916655,0.354687499999996,0.596355182294026,0.376830671946796,0.0402871487222467,0.455781145657931,0.0977665749592887,0.446452279382781,2
"spiral_outward",5,"Monkey 1",0.572493489583328,0.409375,0.544446123786096,0.414544810541525,0.0402871487222467,0.474041655706579,0.0591540166307718,0.466804327662651,3
"spiral_outward",6,"Monkey 1",0.469921875000006,0.439322916666668,0.473866686325899,0.414544810541525,0.0402871487222467,0.640069087945015,0.077346275908849,0.282584636146127,4
"spiral_outward",7,"Monkey 1",0.410188802083325,0.399218749999995,0.411575816116383,0.36928784422785,0.0402871487222467,0.786400723251568,0.0576471652357742,0.155952111512658,5
"spiral_outward",8,"Monkey 1",0.354036458333334,0.320182291666665,0.385800071282554,0.289958258694344,0.0402871487222467,0.766255183498616,0.020207259614974,0.213537556886409,6
"spiral_outward",9,"Monkey 1",0.343684895833338,0.242415364583332,0.413558565718985,0.204526397350568,0.0402871487222467,0.438088700990856,0.0485528586110203,0.513358440398124,7
"spiral_outward",10,"Monkey 1",0.427832031250003,0.166503906250005,0.49142215348088,0.147955189458474,0.0402871487222467,0.555153336320874,0.0871903442862136,0.357656319392913,8
"spiral_outward",11,"Monkey 1",0.5375,0.131477864583329,0.594083153422985,0.147955189458474,0.0402871487222467,0.564577022048668,0.0558938021903632,0.379529175760968,9
"spiral_outward",12,"Monkey 1",0.66552734374999,0.149739583333336,0.682328552886465,0.212069225069514,0.0402871487222467,0.600461493099709,0.0820307106728571,0.317507796227432,10
"spiral_outward",13,"Monkey 1",0.743261718749992,0.261393229166668,0.718018045733306,0.321910189654369,0.0402871487222467,0.521226297205816,0.110091232231773,0.368682470562412,11
"spiral_outward",14,"Monkey 1",0.769791666666662,0.359440104166665,0.680345803283864,0.437853430049492,0.0402871487222467,0.109653873028323,0.20259102147632,0.687755105495353,12
"square_2",3,"Monkey 1",0.630859374999996,0.0861773574561428,0.7390625,0.0421875000000002,0.0402871487222467,0.56121392253668,0.252490252590992,0.186295824872324,1
"square_2",4,"Monkey 1",0.80636650219298,0.117838541666671,0.7390625,0.2015625,0.0402871487222467,0.122096306839755,0.408695791228489,0.469207901931756,2
"square_2",5,"Monkey 1",0.719092653508774,0.262918037280693,0.7390625,0.360937500000001,0.0402871487222467,0.280257227838985,0.363036579631384,0.356706192529611,3
"square_2",6,"Monkey 1",0.701685855263181,0.339980811403506,0.7390625,0.520312500000001,0.0402871487222467,0.04186499976116,0.423374654058496,0.534760346180343,4
"square_2",7,"Monkey 1",0.63154468201753,0.3969298245614,0.5796875,0.520312500000001,0.0402871487222467,0.167262342785247,0.506441754194799,0.326295903019956,5
"square_2",8,"Monkey 1",0.600397478070174,0.378734923245644,0.4203125,0.520312500000001,0.0402871487222467,0.371850561807857,0.458105913915378,0.170043524276782,6
"square_2",9,"Monkey 1",0.478378563596466,0.369380482456146,0.2609375,0.520312500000001,0.0402871487222467,0.369269413621352,0.456074452914719,0.17465613346386,7
"square_2",10,"Monkey 1",0.339055646929827,0.385896381578942,0.2609375,0.360937500000001,0.0402871487222467,0.134790434211424,0.579725469600531,0.28548409618803,8
"square_2",11,"Monkey 1",0.419133771929822,0.244483278508775,0.2609375,0.2015625,0.0402871487222467,0.373635207958549,0.383531908839545,0.242832883201889,9
"square_2",12,"Monkey 1",0.456003289473679,0.218921326754377,0.2609375,0.0421875000000002,0.0402871487222467,0.132549214578188,0.582844482298358,0.284606303123488,10
"square_2",13,"Monkey 1",0.538548519736856,0.169716282894735,0.4203125,0.0421875000000002,0.0402871487222467,0.375947255087277,0.501440634428218,0.122612110484501,11
"square_2",14,"Monkey 1",0.635039747807027,0.260759320175427,0.5796875,0.0421875000000001,0.0402871487222467,0.191060745085341,0.793828886226517,0.0151103686880922,12
"square_spiral",3,"Monkey 1",0.524956597222209,0.340153769841267,0.38046875,0.40078125,0.0402871487222467,0.351448973946583,0.348375706371602,0.300175319681832,1
"square_spiral",4,"Monkey 1",0.438120039682543,0.32353670634921,0.38046875,0.281250000000001,0.0402871487222467,0.141698990302209,0.415183513079134,0.443117496618659,2
"square_spiral",5,"Monkey 1",0.407800099206342,0.258959573412697,0.38046875,0.16171875,0.0402871487222467,0.151503666130555,0.254544797198077,0.593951536671367,3
"square_spiral",6,"Monkey 1",0.508277529761918,0.157552083333332,0.5,0.16171875,0.0402871487222467,0.406327721301111,0.257789494172015,0.33588278452689,4
"square_spiral",7,"Monkey 1",0.582465277777768,0.196397569444453,0.61953125,0.16171875,0.0402871487222467,0.511246295148159,0.312013579791643,0.176740125060182,5
"square_spiral",8,"Monkey 1",0.704644097222227,0.186879960317465,0.7390625,0.16171875,0.0402871487222467,0.562332056240682,0.240368009231555,0.197299934527742,6
"square_spiral",9,"Monkey 1",0.770957341269842,0.16837177579365,0.7390625,0.28125,0.0402871487222467,0.0521301683373323,0.295479348787349,0.652390482875321,7
"square_spiral",10,"Monkey 1",0.747333829365077,0.288721478174604,0.7390625,0.40078125,0.0402871487222467,0.120446739455578,0.372099620186545,0.507453640357887,8
"square_spiral",11,"Monkey 1",0.708736359126898,0.370318700396828,0.7390625,0.520312500000001,0.0402871487222467,0.0880133963973748,0.542173597369155,0.369813006233459,9
"square_spiral",12,"Monkey 1",0.707341269841273,0.407149057539682,0.61953125,0.520312500000001,0.0402871487222467,0.236450654649784,0.467118500006184,0.296430845344069,10
"square_spiral",13,"Monkey 1",0.608785962301561,0.423983134920627,0.5,0.520312500000001,0.0402871487222467,0.363990544917759,0.341895937762484,0.294113517319755,11
"square_spiral",14,"Monkey 1",0.525638640873007,0.404079861111112,0.38046875,0.520312500000001,0.0402871487222467,0.414510931255305,0.394200014791195,0.191289053953573,12
"stairs",3,"Monkey 1",0.63240947420635,0.121992807539687,0.681855518887001,0.145194866963498,0.0402871487222467,0.980972603453207,0.00196287766131973,0.0170645188854737,1
"stairs",4,"Monkey 1",0.638671875000001,0.170479910714292,0.643437500000002,0.150939618343491,0.0402871487222467,0.991510135561165,0.000258739178691071,0.00823112526014376,2
"stairs",5,"Monkey 1",0.594897073412695,0.145244295634921,0.634043018887,0.188631660849001,0.0402871487222467,0.976812771016853,0.000667240741677419,0.0225199882414695,3
"stairs",6,"Monkey 1",0.603298611111106,0.2293216765873,0.595625000000001,0.194376412228994,0.0402871487222467,0.987637678085577,0.000262551108181811,0.0120997708062412,4
"stairs",7,"Monkey 1",0.555927579365079,0.210348462301587,0.586230518886999,0.232068454734504,0.0402871487222467,0.981580856218729,0.0005377442358066,0.0178813995454644,5
"stairs",8,"Monkey 1",0.552114335317464,0.259331597222217,0.5478125,0.237813206114497,0.0402871487222467,0.944089580296447,0.0448777768728794,0.0110326428306741,6
"stairs",9,"Monkey 1",0.493427579365079,0.229724702380952,0.538418018886999,0.275505248620007,0.0402871487222467,0.978159334432686,0.00076393433013277,0.0210767312371815,7
"stairs",10,"Monkey 1",0.509176587301586,0.309709821428572,0.499999999999999,0.28125,0.0402871487222467,0.985959964774985,0.000250784201400356,0.0137892510236149,8
"stairs",11,"Monkey 1",0.467478918650794,0.302889384920627,0.490605518886998,0.318942042505509,0.0402871487222467,0.98294949641928,0.0036276221943488,0.0134228813863707,9
"stairs",12,"Monkey 1",0.456442212301588,0.334821428571431,0.452187499999998,0.324686793885502,0.0402871487222467,0.988476691625081,0.000219254566179057,0.01130405380874,10
"stairs",13,"Monkey 1",0.406467013888889,0.309678819444444,0.442793018886997,0.362378836391013,0.0402871487222467,0.973132293451102,0.000665247867290748,0.0262024586816072,11
"stairs",14,"Monkey 1",0.400917658730143,0.389849950396825,0.404374999999997,0.368123587771006,0.0402871487222467,0.989848054476289,0.00017032945305696,0.00998161607065374,12
"stairs_2",3,"Monkey 1",0.398251488095248,0.0919518849206366,0.329812225275496,0.161491895627152,0.0402871487222467,0.381435837694493,0.130344083704512,0.488220078600993,1
"stairs_2",4,"Monkey 1",0.376333085317462,0.179780505952376,0.362250549449006,0.159492857162914,0.0402871487222467,0.761266388821515,0.0555000690701589,0.183233542108327,2
"stairs_2",5,"Monkey 1",0.427455357142858,0.144190228174603,0.394688873622516,0.157493818698675,0.0402871487222467,0.874287280028632,0.00579192680532418,0.119920793166044,3
"stairs_2",6,"Monkey 1",0.454923115079367,0.163225446428571,0.398686950550993,0.222370467045695,0.0402871487222467,0.545131426337411,0.0186332209881403,0.436235352674449,4
"stairs_2",7,"Monkey 1",0.441282242063489,0.242218501984124,0.431125274724503,0.220371428581457,0.0402871487222467,0.803355335655871,0.0495364908094162,0.147108173534712,5
"stairs_2",8,"Monkey 1",0.484312996031748,0.218812003968252,0.463563598898013,0.218372390117218,0.0402871487222467,0.826672385873984,0.00985964169174367,0.163467972434272,6
"stairs_2",9,"Monkey 1",0.498418898809529,0.216052827380951,0.46756167582649,0.283249038464238,0.0402871487222467,0.47861131294051,0.0618581339177492,0.459530553141744,7
"stairs_2",10,"Monkey 1",0.492187499999999,0.310949900793651,0.5,0.28125,0.0402871487222467,0.750498485588025,0.0151711313226709,0.234330383089304,8
"stairs_2",11,"Monkey 1",0.552083333333331,0.268818204365078,0.532438324173509,0.279250961535761,0.0402871487222467,0.855181555872377,0.00468448371702363,0.140133960410599,9
"stairs_2",12,"Monkey 1",0.580109126984127,0.267857142857142,0.536436401101986,0.344127609882781,0.0402871487222467,0.398529159294417,0.0590485300931257,0.542422310612457,10
"stairs_2",13,"Monkey 1",0.565972222222221,0.361235119047621,0.568874725275496,0.342128571418543,0.0402871487222467,0.771482957287125,0.00869598438818233,0.219821058324692,11
"stairs_2",14,"Monkey 1",0.587983630952364,0.335968501984124,0.601313049449006,0.340129532954304,0.0402871487222467,0.780598053793459,0.0855144311737304,0.133887515032827,12
"triangle_1",3,"Monkey 1",0.51041666666667,0.375000000000006,0.41996378173862,0.21193660176281,0.0402871487222467,0.000123472017659568,0.395240843957947,0.604635684024381,1
"triangle_1",4,"Monkey 1",0.516755756578939,0.21515213815789,0.58003621826138,0.21193660176281,0.0402871487222467,0.00721290423628799,0.583103495283606,0.409683600480108,2
"triangle_1",5,"Monkey 1",0.740611293859655,0.171532346491225,0.5,0.350563398237191,0.0402871487222467,4.63535385621952e-07,0.6853013068572,0.314698229607412,3
"triangle_1",6,"Monkey 1",0.62010005482458,0.27165570175438,0.41996378173862,0.21193660176281,0.0402871487222467,0.00311824153598763,0.771243463520733,0.225638294943267,4
"triangle_1",7,"Monkey 1",0.558833607456121,0.17420504385965,0.580036218261379,0.21193660176281,0.0402871487222467,0.0128482250251189,0.570214495134156,0.416937279840727,5
"triangle_1",8,"Monkey 1",0.621676260964903,0.260964912280698,0.5,0.350563398237191,0.0402871487222467,0.00151405232954435,0.807066663740669,0.191419283929923,6
"triangle_1",9,"Monkey 1",0.547663103070169,0.357558936403504,0.419963781738621,0.21193660176281,0.0402871487222467,2.11871040244239e-05,0.763779062064852,0.236199750831139,7
"triangle_1",10,"Monkey 1",0.601288377192964,0.26075932017545,0.58003621826138,0.21193660176281,0.0402871487222467,0.0148298562712211,0.774497859555765,0.210672284173006,8
"triangle_1",11,"Monkey 1",0.69082373903505,0.238075657894747,0.5,0.350563398237191,0.0402871487222467,0.00188768794982522,0.70345610244941,0.294656209600766,9
"triangle_1",12,"Monkey 1",0.681846217105249,0.292009320175455,0.419963781738621,0.21193660176281,0.0402871487222467,0.001604874859815,0.892064494162659,0.106330630977535,10
"triangle_1",13,"Monkey 1",0.670230263157919,0.233518366228059,0.58003621826138,0.21193660176281,0.0402871487222467,0.0237314288137056,0.854635537960925,0.121633033225356,11
"triangle_1",14,"Monkey 1",0.736705043859674,0.212616502192977,0.5,0.350563398237191,0.0402871487222467,3.59868530556254e-08,0.708249039538689,0.291750924474468,12
"zigzag_1",3,"Monkey 1",0.646980406746032,0.162357390873018,0.662468620185604,0.26509524090039,0.0402871487222467,0.087588174798553,0.0553788191645669,0.85703300603688,1
"zigzag_1",4,"Monkey 1",0.609374999999998,0.304036458333331,0.643437499999998,0.324829378763322,0.0402871487222467,0.563443965891357,0.0748090247676288,0.361747009341014,2
"zigzag_1",5,"Monkey 1",0.564763144841271,0.359716021825392,0.614656120185605,0.269133930675292,0.0402871487222467,0.202212732646885,0.245966890494713,0.551820376858404,3
"zigzag_1",6,"Monkey 1",0.56529017857143,0.252263144841271,0.585874740371212,0.213438482587263,0.0402871487222467,0.557066096829206,0.0603241225628474,0.382609780607947,4
"zigzag_1",7,"Monkey 1",0.543712797619046,0.195684523809528,0.566843620185605,0.273172620450195,0.0402871487222467,0.191080653396392,0.101383759434501,0.707535587169108,5
"zigzag_1",8,"Monkey 1",0.510726686507936,0.30918278769841,0.547812499999999,0.332906758313127,0.0402871487222467,0.57457224372888,0.0334778696288439,0.391949886642277,6
"zigzag_1",9,"Monkey 1",0.507254464285714,0.374007936507936,0.519031120185606,0.277211310225097,0.0402871487222467,0.16015700537655,0.0468373076983205,0.793005686925129,7
"zigzag_1",10,"Monkey 1",0.474237351190478,0.250930059523806,0.490249740371213,0.221515862137067,0.0402871487222467,0.573016665535995,0.0146957515974496,0.412287582866555,8
"zigzag_1",11,"Monkey 1",0.447017609126985,0.215029761904762,0.471218620185607,0.28125,0.0402871487222467,0.297078950776965,0.0282297012174664,0.674691348005569,9
"zigzag_1",12,"Monkey 1",0.432632688492059,0.313988095238095,0.452187500000001,0.340984137862932,0.0402871487222467,0.542509026698931,0.0141497545078308,0.443341218793239,10
"zigzag_1",13,"Monkey 1",0.406777033730161,0.376457093253972,0.423406120185608,0.285288689774902,0.0402871487222467,0.193630575895272,0.0385006485456243,0.767868775559103,11
"zigzag_1",14,"Monkey 1",0.379061259920635,0.246310763888888,0.394624740371214,0.229593241686873,0.0402871487222467,0.638999030044747,0.010246611468741,0.350754358486512,12
"zigzag_2",3,"Monkey 1",0.675335800438586,0.349300986842107,0.704131968605912,0.347359369676026,0.0402871487222467,0.744677618268221,0.0686849838368625,0.186637397894916,1
"zigzag_2",4,"Monkey 1",0.675918311403509,0.387952302631584,0.66523792584054,0.291998916497849,0.0402871487222467,0.246676126347306,0.0422316189294106,0.711092254723283,2
"zigzag_2",5,"Monkey 1",0.627124451754386,0.266001918859644,0.626343883075168,0.236638463319672,0.0402871487222467,0.649670411101848,0.00803061957080549,0.342298969327347,3
"zigzag_2",6,"Monkey 1",0.560820997807025,0.220291940789476,0.587449840309796,0.181278010141495,0.0402871487222467,0.738872717985273,0.0130348298729081,0.248092452141819,4
"zigzag_2",7,"Monkey 1",0.52967379385965,0.152172423245614,0.575806329845101,0.247926003380498,0.0402871487222467,0.177315888094804,0.0773133460693083,0.745370765835888,5
"zigzag_2",8,"Monkey 1",0.539370888157896,0.296772203947367,0.564162819380405,0.314573996619502,0.0402871487222467,0.74294422147686,0.0209960420307572,0.236059736492383,6
"zigzag_2",9,"Monkey 1",0.509217379385962,0.351425438596488,0.55251930891571,0.381221989858505,0.0402871487222467,0.631574794561777,0.0194208705779467,0.349004334860276,7
"zigzag_2",10,"Monkey 1",0.513877467105264,0.42369106359649,0.513625266150338,0.325861536680328,0.0402871487222467,0.263701504565853,0.0866589130491432,0.649639582385003,8
"zigzag_2",11,"Monkey 1",0.449938322368419,0.298416940789474,0.474731223384966,0.270501083502151,0.0402871487222467,0.760553826226957,0.0108544120326963,0.228591761740346,9
"zigzag_2",12,"Monkey 1",0.429002192982459,0.235300164473683,0.435837180619594,0.215140630323973,0.0402871487222467,0.742034742932459,0.00756023594424135,0.250405021123299,10
"zigzag_2",13,"Monkey 1",0.38781524122807,0.187294407894739,0.424193670154899,0.281788623562977,0.0402871487222467,0.243936970137636,0.040312019873153,0.71575100998921,11
"zigzag_2",14,"Monkey 1",0.384731359649122,0.306880482456137,0.412550159690203,0.34843661680198,0.0402871487222467,0.601871942611592,0.0101501742573089,0.387977883131099,12
"zigzag_3",3,"Monkey 1",0.626757812499999,0.172623697916681,0.628119731049102,0.146209029639117,0.0402871487222467,0.943360907284096,0.0500918493039782,0.0065472434119282,1
"zigzag_3",4,"Monkey 1",0.558593750000002,0.148795572916668,0.591138808065468,0.141914789114567,0.0402871487222467,0.996590885321443,0.000124105915329565,0.00328500876322777,2
"zigzag_3",5,"Monkey 1",0.541113281250001,0.147688802083332,0.586844567540918,0.1788957120982,0.0402871487222467,0.986480883380715,0.000866585927388141,0.0126525306918964,3
"zigzag_3",6,"Monkey 1",0.538834635416667,0.21598307291667,0.582550327016368,0.215876635081834,0.0402871487222467,0.990150841983347,0.00210487456072557,0.00774428345592756,4
"zigzag_3",7,"Monkey 1",0.553515625000002,0.236295572916664,0.578256086491817,0.252857558065467,0.0402871487222467,0.990323007475878,0.000149323099983902,0.009527669424138,5
"zigzag_3",8,"Monkey 1",0.551236979166666,0.290266927083336,0.573961845967267,0.289838481049101,0.0402871487222467,0.992069628405811,0.000134551739654092,0.0077958198545353,6
"zigzag_3",9,"Monkey 1",0.555533854166667,0.323079427083334,0.536980922983633,0.285544240524551,0.0402871487222467,0.987180727443807,0.000430080001432727,0.0123891925547604,7
"zigzag_3",10,"Monkey 1",0.479915364583334,0.290787760416659,0.499999999999999,0.28125,0.0402871487222467,0.99487282476708,0.000158920410169652,0.00496825482275078,8
"zigzag_3",11,"Monkey 1",0.463346354166664,0.276953125000001,0.463019077016366,0.27695575947545,0.0402871487222467,0.987907054098221,0.00497841901031936,0.00711452689145973,9
"zigzag_3",12,"Monkey 1",0.39482421875,0.271875000000003,0.426038154032732,0.2726615189509,0.0402871487222467,0.995240342468545,0.000223493011903941,0.00453616451955087,10
"zigzag_3",13,"Monkey 1",0.377766927083335,0.260904947916666,0.421743913508182,0.309642441934533,0.0402871487222467,0.977966522919554,0.00142812465312582,0.0206053524273204,11
"zigzag_3",14,"Monkey 1",0.385514322916667,0.329427083333334,0.417449672983632,0.346623364918167,0.0402871487222467,0.988770311489534,0.000198321545435799,0.01103136696503,12
"zigzag_widening",3,"Monkey 1",0.605924479166662,0.339127604166681,0.567611983610048,0.391108242277083,0.0402871487222467,0.0029104614852649,0.0943104995643683,0.902779038950366,1
"zigzag_widening",4,"Monkey 1",0.50247395833334,0.400911458333335,0.594523507940269,0.343164635452298,0.0402871487222467,0.000663046724764368,0.101994255147854,0.897342698127381,2
"zigzag_widening",5,"Monkey 1",0.591634114583318,0.300944010416665,0.543640180197656,0.377652480111973,0.0402871487222467,0.00144528529333586,0.125981635224451,0.872573079482213,3
"zigzag_widening",6,"Monkey 1",0.485091145833331,0.37662760416667,0.579704040065856,0.320011055465486,0.0402871487222467,0.00262974358840173,0.0959341910185213,0.901436065393077,4
"zigzag_widening",7,"Monkey 1",0.597916666666665,0.286425781250013,0.519668376785263,0.364196717946863,0.0402871487222467,0.000211305995994655,0.138167896352899,0.861620797651107,5
"zigzag_widening",8,"Monkey 1",0.5076171875,0.335579427083335,0.564884572191444,0.296857475478675,0.0402871487222467,0.00588271051604269,0.20075393639863,0.793363353085327,6
"zigzag_widening",9,"Monkey 1",0.592643229166667,0.257356770833329,0.49569657337287,0.350740955781753,0.0402871487222467,0.000443616028732961,0.149008907529463,0.850547476441804,7
"zigzag_widening",10,"Monkey 1",0.48020833333333,0.344856770833331,0.550065104317031,0.273703895491864,0.0402871487222467,0.000185603755333281,0.258006835999116,0.741807560245555,8
"zigzag_widening",11,"Monkey 1",0.533789062499992,0.243782552083341,0.471724769960478,0.337285193616643,0.0402871487222467,0.000539548179081451,0.168789544294871,0.83067090752605,9
"zigzag_widening",12,"Monkey 1",0.446679687500005,0.343912760416665,0.535245636442619,0.250550315505052,0.0402871487222467,0.00140521172974373,0.265616778022738,0.732978010247519,10
"zigzag_widening",13,"Monkey 1",0.55859375,0.212141927083336,0.447752966548085,0.323829431451533,0.0402871487222467,0.000817536773713401,0.246689511320191,0.752492951906095,11
"zigzag_widening",14,"Monkey 1",0.512369791666662,0.276757812499997,0.520426168568207,0.22739673551824,0.0402871487222467,0.0218372506844049,0.302935802663585,0.675226946652001,12
