"seq_id","tpt","prev_x","prev_y","true_x","true_y","pred_x","pred_y","sd_x","sd_y","mode","error","acc","rel_error","score","weight","particle"
"zigzag_1",1,1135.19999999999,486.531070791962,1090.99180060509,400.982862528749,1052.97094726562,491.135620117188,200.532669067383,97.0853271484375,"test",212.78011496289,0.0569728748613492,2.20965345830136,1,1,0
"zigzag_1",2,1090.99180060509,400.982862528749,1046.78360121018,315.434654265535,1034.47583007812,417.952087402344,178.667388916016,93.2395324707031,"test",203.538991887029,0.0547258694998497,2.11368734997058,1,1,0
"zigzag_1",3,1046.78360121018,315.434654265535,1017.55180060509,407.186290022999,1008.92712402344,346.823669433594,169.369415283203,98.7661590576172,"test",179.795158607275,0.0863604523166216,1.86711523335578,1,1,0
"zigzag_1",4,1017.55180060509,407.186290022999,988.319999999997,498.937925780463,979.007202148438,418.127044677734,162.692245483398,88.7119674682617,"test",179.74400364819,0.0854256276883065,1.86658400546228,1,1,0
"zigzag_1",5,988.319999999997,498.937925780463,944.111800605089,413.389717517249,949.602661132812,491.647216796875,162.045333862305,87.7601928710938,"test",177.592315261583,0.0826165233046609,1.8442394095611,1,1,0
"zigzag_1",6,944.111800605089,413.389717517249,899.903601210181,327.841509254036,919.856872558594,419.933929443359,153.981704711914,86.9201126098633,"test",177.444893241365,0.0778077807780778,1.84270847901874,1,1,0
"zigzag_1",7,899.903601210181,327.841509254036,870.67180060509,419.5931450115,887.248657226562,349.684448242188,150.456954956055,91.4423522949219,"test",169.393162039088,0.092009200920092,1.75909382499184,1,1,0
"zigzag_1",8,870.67180060509,419.5931450115,841.439999999999,511.344780768963,858.097290039062,422.864501953125,149.565856933594,86.3472137451172,"test",174.612252065646,0.0796,1.81329240613454,1,1,0
"zigzag_1",9,841.439999999999,511.344780768963,797.231800605091,425.79657250575,829.921508789062,497.003936767578,149.068389892578,87.1683807373047,"test",167.550021400543,0.0945,1.73995339879738,1,1,0
"zigzag_1",10,797.231800605091,425.79657250575,753.023601210183,340.248364242536,795.42578125,426.679321289062,147.485214233398,86.0668487548828,"test",174.262813688303,0.0855,1.80966360031736,1,1,0
"zigzag_1",11,753.023601210183,340.248364242536,723.791800605092,432,766.100402832031,356.342803955078,146.710906982422,88.4670104980469,"test",170.680310641818,0.0889,1.77246045167059,1,1,0
"zigzag_1",12,723.791800605092,432,694.560000000001,523.751635757464,733.944152832031,430.805145263672,146.782867431641,85.743782043457,"test",176.318575147888,0.0737,1.83101202575366,1,1,0
"zigzag_1",13,694.560000000001,523.751635757464,650.351800605093,438.20342749425,706.120056152344,502.900543212891,146.227142333984,88.5719757080078,"test",169.757132516471,0.0975,1.76287354202137,1,1,0
"zigzag_1",14,650.351800605093,438.20342749425,606.143601210185,352.655219231037,673.975646972656,434.245239257812,147.492462158203,85.3918685913086,"test",179.026508042272,0.0788078807880788,1.85913304301117,1,1,0
"stairs",1,1135.20000000001,98.4054229593377,1120.77007701043,156.300400247801,1026.31188964844,285.624267578125,294.776275634766,209.130096435547,"test",334.866957139154,0.0237738026543566,5.61234269505694,1,1,0
"stairs",2,1120.77007701043,156.300400247801,1061.76,165.12433836747,1051.81311035156,281.560211181641,249.602920532227,171.258392333984,"test",276.800767658446,0.0334809374662491,4.63915812902519,1,1,0
"stairs",3,1061.76,165.12433836747,1047.33007701043,223.019315655933,1031.06140136719,268.894409179688,225.851806640625,158.777145385742,"test",237.762245366124,0.0509032943676939,3.98487570210276,1,1,0
"stairs",4,1047.33007701043,223.019315655933,988.320000000004,231.843253775603,1022.69616699219,285.485412597656,192.266418457031,126.229110717773,"test",205.894363423512,0.0648599269183922,3.45077261843173,1,1,0
"stairs",5,988.320000000004,231.843253775603,973.890077010432,289.738231064066,976.0791015625,284.3408203125,176.882400512695,116.966430664062,"test",184.043494668423,0.0857430730478589,3.08455385296749,1,1,0
"stairs",6,973.890077010432,289.738231064066,914.880000000002,298.562169183735,953.094360351562,323.166351318359,160.352630615234,99.2828826904297,"test",170.46066814254,0.0957862075868281,2.85690679611235,1,1,0
"stairs",7,914.880000000002,298.562169183735,900.450077010431,356.457146472198,902.962646484375,327.484527587891,153.510208129883,95.6415100097656,"test",162.018261044823,0.109043617446979,2.71541274662963,1,1,0
"stairs",8,900.450077010431,356.457146472198,841.440000000001,365.281084591868,885.591918945312,372.327087402344,150.001113891602,89.015510559082,"test",156.677838891517,0.1218,2.62590771001246,1,1,0
"stairs",9,841.440000000001,365.281084591868,827.01007701043,423.176061880331,835.744750976562,377.827911376953,147.698303222656,87.9390411376953,"test",155.633589003766,0.119,2.60840616767038,1,1,0
"stairs",10,827.01007701043,423.176061880331,768,432,820.799682617188,424.963500976562,148.129196166992,86.1777420043945,"test",157.16470572979,0.1214,2.63406755822975,1,1,0
"stairs",11,768,432,753.570077010429,489.894977288463,770.587036132812,431.407928466797,147.056518554688,85.9336318969727,"test",159.941823974759,0.1055,2.68061183189777,1,1,0
"stairs",12,753.570077010429,489.894977288463,694.559999999999,498.718915408132,756.968139648438,477.922271728516,146.345108032227,86.6014022827148,"test",158.688642798342,0.1159,2.65960861831967,1,1,0
"stairs",13,694.559999999999,498.718915408132,680.130077010428,556.613892696596,707.562744140625,483.2646484375,146.009033203125,87.080810546875,"test",165.768945299976,0.0926,2.77827390665782,1,1,0
"stairs",14,680.130077010428,556.613892696596,621.119999999998,565.437830816265,690.491577148438,528.437744140625,148.124206542969,92.0335083007812,"test",168.233943622086,0.0975195039007802,2.81958707605683,1,1,0
"sine",1,400.8,432.516807425139,437.52,525.213251111577,475.320129394531,412.365112304688,184.361053466797,93.1479187011719,"test",211.294414868535,0.0509105543817285,2.11920621687813,1,1,0
"sine",2,437.52,525.213251111577,474.24,532.685011964256,492.945251464844,489.308990478516,173.21435546875,96.6786651611328,"test",178.265879688829,0.0908452822621077,4.75724992056877,1,1,0
"sine",3,474.24,532.685011964256,510.96,448.062587513014,520.890686035156,498.401184082031,165.215728759766,95.0491256713867,"test",172.773068039428,0.0919287001802524,1.87296125286193,1,1,0
"sine",4,510.96,448.062587513014,547.68,349.147444542018,559.22412109375,434.857086181641,157.640731811523,86.7177200317383,"test",177.78781271497,0.0766153230646129,1.68501739442567,1,1,0
"sine",5,547.68,349.147444542018,584.4,326.881709328248,600.618041992188,358.238952636719,157.147857666016,87.0430221557617,"test",158.838313178661,0.1129,3.69879717008561,1,1,0
"sine",6,584.4,326.881709328248,621.12,401.736396143546,633.670776367188,341.747924804688,154.780914306641,88.2967529296875,"test",164.3690224753,0.108510851085109,1.97141533530997,1,1,0
"sine",7,621.12,401.736396143546,657.84,504.890451140001,653.572204589844,404.125549316406,148.992431640625,85.0864105224609,"test",178.677158083147,0.0697,1.6318319374152,1,1,0
"sine",8,657.84,504.890451140001,694.56,541.504511873171,676.900512695312,486.785919189453,146.484680175781,87.5421600341797,"test",158.657639446169,0.111011101110111,3.05963626056775,1,1,0
"sine",9,694.56,541.504511873171,731.28,477.915779759371,704.486328125,516.937622070312,146.897766113281,90.1214218139648,"test",156.794501011676,0.115923184636927,2.13530789977386,1,1,0
"sine",10,731.28,477.915779759371,768,372.587441849566,738.666625976562,467.901397705078,146.241546630859,86.3017349243164,"test",176.145171512055,0.0793,1.57913174334796,1,1,0
"sine",11,768,372.587441849566,804.72,322.357886271514,774.562683105469,382.579162597656,146.63459777832,86.9822387695312,"test",159.829097659267,0.1048,2.56876097732854,1,1,0
"sine",12,804.72,322.357886271514,841.44,373.407934778211,809.77490234375,342.985931396484,147.516723632812,90.6440353393555,"test",157.506869178437,0.1113,2.50469924068531,1,1,0
"sine",13,841.44,373.407934778211,878.16,478.802408201962,835.218994140625,384.387359619141,147.794006347656,87.5604019165039,"test",179.275989337225,0.0738,1.60630002745536,1,1,0
"sine",14,878.16,478.802408201962,914.88,541.642113728486,862.542114257812,471.570709228516,150.537231445312,86.1896896362305,"test",172.556214667977,0.0882,2.3708711570856,1,1,0
"alternating_diff_1",1,400.799999999999,395.28,400.799999999999,468.72,480.100830078125,383.051666259766,187.424530029297,93.3256988525391,"test",210.622774638027,0.0593322606596943,2.86795717099709,1,1,0
"alternating_diff_1",2,400.799999999999,468.72,474.239999999999,468.72,471.574462890625,440.825225830078,182.777679443359,94.5051193237305,"test",179.56066705218,0.0919875339298281,2.44499818970834,1,1,0
"alternating_diff_1",3,474.239999999999,468.72,474.239999999999,395.28,527.325317382812,448.042022705078,163.423400878906,89.0675582885742,"test",174.933208487427,0.0933466733366683,2.38198813299873,1,1,0
"alternating_diff_1",4,474.239999999999,395.28,547.68,395.28,534.813232421875,390.344268798828,166.46647644043,87.7308349609375,"test",163.861114829854,0.116146458583433,2.23122433047186,1,1,0
"alternating_diff_1",5,547.68,395.28,547.68,468.72,594.652282714844,395.695434570312,154.707275390625,85.3962631225586,"test",173.79111333509,0.0854085408540854,2.36643672841897,1,1,0
"alternating_diff_1",6,547.68,468.72,621.12,468.72,588.004516601562,453.361389160156,152.770477294922,86.6385345458984,"test",157.027729291977,0.120436130839252,2.13817714177527,1,1,0
"alternating_diff_1",7,621.12,468.72,621.12,395.28,648.558288574219,457.172210693359,147.876129150391,86.02880859375,"test",162.945442592778,0.0997,2.21875602659012,1,1,0
"alternating_diff_1",8,621.12,395.28,694.56,395.28,654.28857421875,398.9072265625,149.082763671875,85.1357650756836,"test",152.54722918967,0.123,2.07716815345411,1,1,0
"alternating_diff_1",9,694.56,395.28,694.56,468.72,713.042236328125,400.386901855469,147.019622802734,85.7221450805664,"test",163.807476009129,0.097,2.23049395437267,1,1,0
"alternating_diff_1",10,694.56,468.72,768,468.72,708.577880859375,459.696716308594,146.355316162109,86.0694885253906,"test",158.09712632683,0.1163,2.15273864824114,1,1,0
"alternating_diff_1",11,768,468.72,768,395.28,769.603820800781,461.309387207031,146.767852783203,86.1127395629883,"test",162.047333669315,0.1083,2.20652687458217,1,1,0
"alternating_diff_1",12,768,395.28,841.44,395.28,772.626708984375,401.139190673828,146.876876831055,86.3549957275391,"test",161.243023461932,0.1118,2.19557493820712,1,1,0
"alternating_diff_1",13,841.44,395.28,841.44,468.72,834.08056640625,402.218688964844,148.147766113281,86.7916412353516,"test",163.324461807116,0.0954,2.22391696360452,1,1,0
"alternating_diff_1",14,841.44,468.72,914.88,468.72,831.913452148438,462.618011474609,148.732238769531,86.0692825317383,"test",165.897280935796,0.1066,2.25894990380985,1,1,0
"zigzag_widening",1,958.713513506447,598.228677774213,908.67269686647,621.410310823208,911.014404296875,572.05615234375,170.901473999023,98.3473129272461,"test",179.438270516386,0.0863900581278813,3.25366775492887,1,1,0
"zigzag_widening",2,908.67269686647,621.410310823208,935.95081085135,562.664778914471,865.807373046875,588.143676757812,169.92707824707,103.099143981934,"test",184.335021565529,0.0874097834803528,2.84600059118213,1,1,0
"zigzag_widening",3,935.95081085135,562.664778914471,871.852006825034,600.742260137599,900.628662109375,541.974365234375,160.574020385742,91.7537307739258,"test",172.015523401767,0.0968290487146144,2.30720845185458,1,1,0
"zigzag_widening",4,871.852006825034,600.742260137599,913.188108196252,527.100880054729,841.906616210938,570.691772460938,160.408630371094,97.6735153198242,"test",180.302539748539,0.0906997697467214,2.13503262332959,1,1,0
"zigzag_widening",5,913.188108196252,527.100880054729,835.031316783599,580.07420945199,887.505981445312,511.782897949219,154.62287902832,88.1257934570312,"test",175.32373539628,0.0856,1.85689941631825,1,1,0
"zigzag_widening",6,835.031316783599,580.07420945199,890.425405541155,491.536981194987,816.164184570312,552.633056640625,153.850280761719,93.8393096923828,"test",177.770410114949,0.0882529517710626,1.70215824273908,1,1,0
"zigzag_widening",7,890.425405541155,491.536981194987,798.210626742164,559.406158766381,872.048217773438,482.195648193359,151.485290527344,86.4620742797852,"test",181.901342742882,0.0781,1.58868584461697,1,1,0
"zigzag_widening",8,798.210626742164,559.406158766381,867.662702886058,455.973082335245,788.992797851562,534.626159667969,149.628326416016,91.1641006469727,"test",183.240240439497,0.0757227168150445,1.47077799243668,1,1,0
"zigzag_widening",9,867.662702886058,455.973082335245,761.389936700729,538.738108080772,854.567504882812,452.735931396484,149.810119628906,86.0133972167969,"test",192.642100461739,0.0671,1.43016215282142,1,1,0
"zigzag_widening",10,761.389936700729,538.738108080772,844.90000023096,420.409183475503,760.661743164062,516.891662597656,147.193862915039,89.3060302734375,"test",192.097027199733,0.0632063206320632,1.32636414624787,1,1,0
"zigzag_widening",11,844.90000023096,420.409183475503,724.569246659294,518.070057395163,836.127075195312,422.996185302734,148.623413085938,86.2630004882812,"test",204.279429570456,0.0541,1.31814753803411,1,1,0
"zigzag_widening",12,724.569246659294,518.070057395163,822.137297575863,384.84528461576,731.507507324219,499.397521972656,146.112091064453,88.000846862793,"test",202.531155348779,0.0505,1.22648514854276,1,1,0
"zigzag_widening",13,822.137297575863,384.84528461576,687.748556617858,497.402006709554,818.3603515625,393.315948486328,147.498458862305,86.9971237182617,"test",215.657646845873,0.0461,1.23023528601174,1,1,0
"zigzag_widening",14,687.748556617858,497.402006709554,799.374594920765,349.281385756018,701.987365722656,482.0126953125,146.059173583984,87.0398254394531,"test",215.261720073913,0.0363,1.16061188062542,1,1,0
"f_curly_2",1,1131.8856376756,719.382549461213,1025.15426756619,799.199999999999,931.350708007812,619.919250488281,286.539123535156,168.414138793945,"test",342.206057706435,0.0207741089000656,2.56765540548833,1,1,0
"f_curly_2",2,1025.15426756619,799.199999999999,869.116741722072,730.627139504856,818.44970703125,623.542785644531,311.453765869141,220.191787719727,"test",340.641328461669,0.0248732759636921,1.99859440869641,1,1,0
"f_curly_2",3,869.116741722072,730.627139504856,838.352005203651,568.472712146139,779.475036621094,634.638671875,221.443817138672,157.818267822266,"test",238.959817874807,0.0468581299935219,1.44782850687395,1,1,0
"f_curly_2",4,838.352005203651,568.472712146139,935.896048167981,495.691874341205,820.934814453125,543.261108398438,152.489395141602,92.0993270874023,"test",191.881788544284,0.0794158831766353,1.57662536409172,1,1,0
"f_curly_2",5,935.896048167981,495.691874341205,989.084556731726,572.855586187533,908.822265625,486.91259765625,155.350219726562,86.8049697875977,"test",187.471218575475,0.071,2.00035388977068,1,1,0
"f_curly_2",6,989.084556731726,572.855586187533,885.991702027727,655.207447728739,939.431762695312,552.774719238281,170.769775390625,94.5616836547852,"test",202.619557363129,0.0576518866980282,1.53561520405707,1,1,0
"f_curly_2",7,885.991702027727,655.207447728739,728.696364396435,590.886638855182,835.377136230469,610.35546875,179.639678955078,114.508430480957,"test",205.931489114398,0.070675319407828,1.21180227099798,1,1,0
"f_curly_2",8,728.696364396435,590.886638855182,693.499880104242,428.879334418735,725.214050292969,557.665161132812,152.230651855469,96.9044189453125,"test",204.099126553377,0.047423711855928,1.23109627644148,1,1,0
"f_curly_2",9,693.499880104242,428.879334418735,789.506876500618,351.93922728704,709.429138183594,427.770233154297,146.920700073242,85.5619430541992,"test",180.87433516607,0.0797,1.47012841397038,1,1,0
"f_curly_2",10,789.506876500618,351.93922728704,846.157802528297,426.332794951194,794.11328125,366.189880371094,146.706115722656,88.1605377197266,"test",167.009477420623,0.0942,1.78604640980377,1,1,0
"f_curly_2",11,846.157802528297,426.332794951194,746.785549700905,511.096949003763,837.03515625,427.914184570312,148.728454589844,86.1813354492188,"test",189.034295633351,0.0701,1.44728330928033,1,1,0
"f_curly_2",12,746.785549700905,511.096949003763,588.374172552208,451.067583859323,750.456787109375,494.52783203125,146.243377685547,87.4930953979492,"test",209.724003574222,0.0685,1.23801149347096,1,1,0
"f_curly_2",13,588.374172552208,451.067583859323,548.753261949097,289.354363261016,622.811157226562,441.931518554688,149.841644287109,85.5867080688477,"test",223.171825690467,0.0296029602960296,1.34040197382478,1,1,0
"f_curly_2",14,548.753261949097,289.354363261016,643.086056749675,208.308274821374,610.369934082031,309.464935302734,165.434967041016,94.0484466552734,"test",192.597046338149,0.0674404642785671,1.54861887868029,1,1,0
"line",1,1303.89754550129,19.7711188451595,1250.30779095116,60.9940069606436,1002.03088378906,321.460662841797,413.729919433594,269.850006103516,"test",532.390497835957,0.0113340281396561,7.87436859337328,1,1,0
"line",2,1250.30779095116,60.9940069606436,1196.71803640103,102.216895076128,1014.44549560547,314.661163330078,366.288269042969,242.780944824219,"test",449.931942272255,0.0145958542867656,6.65475805782646,1,1,0
"line",3,1196.71803640103,102.216895076128,1143.1282818509,143.439783191612,1033.77807617188,302.132141113281,315.503021240234,213.004501342773,"test",363.08908895911,0.0196713723675075,5.37030117990026,1,1,0
"line",4,1143.1282818509,143.439783191612,1089.53852730078,184.662671307096,1051.23278808594,286.965911865234,265.94482421875,181.746124267578,"test",287.600789477188,0.034369527145359,4.25378483142336,1,1,0
"line",5,1089.53852730078,184.662671307096,1035.94877275065,225.88555942258,1047.93359375,278.473297119141,222.598724365234,150.807113647461,"test",233.434165152954,0.0477937323131747,3.45262859906848,1,1,0
"line",6,1035.94877275065,225.88555942258,982.359018200517,267.108447538064,1014.06921386719,285.560516357422,188.408554077148,123.743255615234,"test",198.513018546541,0.0735904443769612,2.93612430156532,1,1,0
"line",7,982.359018200517,267.108447538064,928.769263650388,308.331335653548,963.939147949219,307.067321777344,165.691650390625,105.028648376465,"test",172.655564001129,0.0919287001802524,2.55367734053839,1,1,0
"line",8,928.769263650388,308.331335653548,875.179509100259,349.554223769032,913.216674804688,335.482574462891,153.616119384766,94.4854202270508,"test",161.029868902286,0.111822364472895,2.38172647226676,1,1,0
"line",9,875.179509100259,349.554223769032,821.589754550129,390.777111884516,864.952331542969,366.083404541016,148.796295166016,89.2075042724609,"test",158.591026518579,0.1129,2.34565455898409,1,1,0
"line",10,821.589754550129,390.777111884516,768,432,817.5615234375,398.159545898438,147.580093383789,86.8126831054688,"test",159.315957304015,0.111,2.35637671167542,1,1,0
"line",11,768,432,714.410245449871,473.222888115484,770.587036132812,431.407928466797,147.056518554688,85.9336318969727,"test",161.947313796384,0.1111,2.39529602185414,1,1,0
"line",12,714.410245449871,473.222888115484,660.820490899741,514.445776230968,724.7978515625,463.773895263672,146.242904663086,86.1907424926758,"test",162.894880217026,0.1123,2.40931108653536,1,1,0
"line",13,660.820490899741,514.445776230968,607.230736349612,555.668664346452,678.759887695312,494.362609863281,146.505828857422,88.1306762695312,"test",171.603775587158,0.0964,2.53812077127672,1,1,0
"line",14,607.230736349612,555.668664346452,553.640981799483,596.891552461936,629.219360351562,524.599182128906,150.796188354492,93.1663513183594,"test",181.656135979233,0.0817,2.68680109386394,1,1,0
"stairs_2",1,400.8,154.542065984424,450.625265930511,151.471542903354,587.640869140625,245.895935058594,268.556884765625,157.252716064453,"test",301.971443957028,0.028740581270183,6.0491331367606,1,1,0
"stairs_2",2,450.625265930511,151.471542903354,500.450531861023,148.401019822284,610.918579101562,241.117294311523,252.808547973633,154.172027587891,"test",281.929492634379,0.0357641499301901,5.64765003530403,1,1,0
"stairs_2",3,500.450531861023,148.401019822284,506.591578023163,248.051551683306,639.026245117188,237.304244995117,239.852142333984,152.166213989258,"test",262.959300231571,0.0463200684638425,2.63381827732779,1,1,0
"stairs_2",4,506.591578023163,248.051551683306,556.416843953674,244.981028602236,587.089538574219,276.813903808594,186.839202880859,105.982971191406,"test",189.975302776789,0.0809643395278754,3.80561116685171,1,1,0
"stairs_2",5,556.416843953674,244.981028602236,606.242109884185,241.910505521166,625.781005859375,276.310699462891,177.023513793945,104.421531677246,"test",184.149193975927,0.0826139329451917,3.68890176100907,1,1,0
"stairs_2",6,606.242109884185,241.910505521166,612.383156046326,341.561037382188,665.73193359375,275.865966796875,170.246887207031,104.039459228516,"test",189.612244022394,0.0792278302835311,1.89916916219174,1,1,0
"stairs_2",7,612.383156046326,341.561037382188,662.208421976837,338.490514301118,654.255493164062,354.846038818359,151.191436767578,87.0121383666992,"test",154.444879550672,0.1238,3.09386088449447,1,1,0
"stairs_2",8,662.208421976837,338.490514301118,712.033687907348,335.419991220048,694.445739746094,353.616516113281,148.587585449219,87.5036163330078,"test",152.255279968362,0.1247,3.0499985271271,1,1,0
"stairs_2",9,712.033687907348,335.419991220048,718.174734069489,435.07052308107,734.235168457031,351.938751220703,147.268325805664,88.2856750488281,"test",170.437653963929,0.0898,1.70711516101445,1,1,0
"stairs_2",10,718.174734069489,435.07052308107,768,432,729.188720703125,433.218719482422,146.758392333984,85.7225952148438,"test",151.915067014671,0.1267,3.04318333485342,1,1,0
"stairs_2",11,768,432,817.825265930511,428.92947691893,770.587036132812,431.407928466797,147.056518554688,85.9336318969727,"test",154.88055374591,0.1227,3.10258836937421,1,1,0
"stairs_2",12,817.825265930511,428.92947691893,823.966312092652,528.580008779952,812.805786132812,429.570831298828,147.935485839844,86.091438293457,"test",177.254169912214,0.0716,1.77538984944144,1,1,0
"stairs_2",13,823.966312092652,528.580008779952,873.791578023163,525.509485698882,813.96484375,510.437286376953,148.764923095703,88.1886825561523,"test",160.572144760256,0.1123,3.21660309657691,1,1,0
"stairs_2",14,873.791578023163,525.509485698882,923.616843953674,522.438962617812,855.602600097656,509.278259277344,151.388320922852,87.900993347168,"test",165.853387159437,0.1105,3.3223976643729,1,1,0
"zigzag_3",1,1135.2,244.364929862811,1078.39730229714,237.768976417102,1075.86145019531,310.749328613281,211.593444824219,128.860549926758,"test",221.675867616446,0.0569529652351738,3.87651096358336,1,1,0
"zigzag_3",2,1078.39730229714,237.768976417102,1021.59460459428,231.173022971393,1042.67919921875,297.375823974609,194.818511962891,123.660346984863,"test",210.8689117035,0.0606860158311346,3.68752655346262,1,1,0
"zigzag_3",3,1021.59460459428,231.173022971393,964.791906891421,224.577069525683,1002.38983154297,286.889739990234,183.248046875,120.096504211426,"test",201.448486900021,0.0697557036139713,3.52278881982945,1,1,0
"zigzag_3",4,964.791906891421,224.577069525683,907.98920918856,217.981116079974,958.769714355469,278.351257324219,176.037002563477,118.130882263184,"test",199.510627492896,0.0677093844601413,3.48890090357416,1,1,0
"zigzag_3",5,907.98920918856,217.981116079974,901.39325574285,274.783813782835,914.15673828125,271.021575927734,172.312484741211,117.450218200684,"test",181.182349487821,0.084927624253467,3.16838892636062,1,1,0
"zigzag_3",6,901.39325574285,274.783813782835,894.797302297141,331.586511485696,895.57861328125,309.078918457031,155.942657470703,99.7768402099609,"test",161.565397842484,0.117117117117117,2.82534153494672,1,1,0
"zigzag_3",7,894.797302297141,331.586511485696,888.201348851432,388.389209188558,882.676574707031,352.462768554688,150.041137695312,90.9790954589844,"test",158.790114227617,0.113411341134113,2.77680933576887,1,1,0
"zigzag_3",8,888.201348851432,388.389209188558,881.605395405722,445.191906891419,873.877685546875,397.709655761719,149.775253295898,87.2735595703125,"test",157.851907492105,0.1101,2.76040263920137,1,1,0
"zigzag_3",9,881.605395405722,445.191906891419,824.802697702861,438.595953445709,866.696899414062,444.200988769531,150.402893066406,86.0629501342773,"test",154.601005689197,0.1216,2.70355316516521,1,1,0
"zigzag_3",10,824.802697702861,438.595953445709,768,432,818.492553710938,437.660858154297,148.155303955078,86.029167175293,"test",156.776711822901,0.1188,2.74160037694122,1,1,0
"zigzag_3",11,768,432,711.197302297139,425.404046554291,770.587036132812,431.407928466797,147.056518554688,85.9336318969727,"test",157.497661375274,0.1239,2.75420783337759,1,1,0
"zigzag_3",12,711.197302297139,425.404046554291,654.394604594278,418.808093108581,724.016357421875,425.236846923828,146.841903686523,85.6673278808594,"test",157.830519521727,0.1185,2.76002862148556,1,1,0
"zigzag_3",13,654.394604594278,418.808093108581,647.798651148568,475.610790811443,678.646789550781,418.808013916016,147.643600463867,85.2673645019531,"test",160.680308488845,0.1054,2.80986371762711,1,1,0
"zigzag_3",14,647.798651148568,475.610790811443,641.202697702859,532.413488514304,670.051025390625,463.603179931641,146.922607421875,86.2368545532227,"test",164.45709348635,0.0977,2.87590946544508,1,1,0
"hourglass_1",1,680.631942063234,344.631942063234,855.368057936766,344.631942063234,708.181884765625,358.929107666016,147.721221923828,87.2936019897461,"test",198.797069232455,0.0798,1.13769879935032,1,1,0
"hourglass_1",2,855.368057936766,344.631942063234,680.631942063234,519.368057936766,848.877319335938,361.658203125,148.094528198242,89.3472900390625,"test",268.631645426427,0.0155,1.0870749711514,1,1,0
"hourglass_1",3,680.631942063234,519.368057936766,855.368057936766,519.368057936766,694.860656738281,498.961578369141,146.262054443359,88.3455200195312,"test",208.202560221506,0.0704,1.19152562812027,1,1,0
"hourglass_1",4,855.368057936766,519.368057936766,680.631942063234,344.631942063234,840.925598144531,503.811553955078,150.009399414062,87.5483551025391,"test",263.350725810101,0.0178,1.06570460903171,1,1,0
"hourglass_1",5,680.631942063234,344.631942063234,855.368057936766,344.631942063234,708.181884765625,358.929107666016,147.721221923828,87.2936019897461,"test",198.982963418702,0.0773,1.13876265604255,1,1,0
"hourglass_1",6,855.368057936766,344.631942063234,680.631942063234,519.368057936766,848.877319335938,361.658203125,148.094528198242,89.3472900390625,"test",266.911337221228,0.0164,1.08011337885809,1,1,0
"hourglass_1",7,680.631942063234,519.368057936766,855.368057936766,519.368057936766,694.860656738281,498.961578369141,146.262054443359,88.3455200195312,"test",205.94559938302,0.0722,1.17860923228989,1,1,0
"hourglass_1",8,855.368057936766,519.368057936766,680.631942063234,344.631942063234,840.925598144531,503.811553955078,150.009399414062,87.5483551025391,"test",263.893883144394,0.0137,1.06790261047182,1,1,0
"hourglass_1",9,680.631942063234,344.631942063234,855.368057936766,344.631942063234,708.181884765625,358.929107666016,147.721221923828,87.2936019897461,"test",196.918255985256,0.0809,1.12694651017526,1,1,0
"hourglass_1",10,855.368057936766,344.631942063234,680.631942063234,519.368057936766,848.877319335938,361.658203125,148.094528198242,89.3472900390625,"test",264.466109764968,0.0177,1.07021824694892,1,1,0
"hourglass_1",11,680.631942063234,519.368057936766,855.368057936766,519.368057936766,694.860656738281,498.961578369141,146.262054443359,88.3455200195312,"test",205.555247981869,0.0768,1.17637528426375,1,1,0
"hourglass_1",12,855.368057936766,519.368057936766,680.631942063234,344.631942063234,840.925598144531,503.811553955078,150.009399414062,87.5483551025391,"test",261.88582005709,0.0169,1.05977655697118,1,1,0
"hourglass_1",13,680.631942063234,344.631942063234,855.368057936766,344.631942063234,708.181884765625,358.929107666016,147.721221923828,87.2936019897461,"test",199.118197766208,0.0752,1.13953659076595,1,1,0
"hourglass_1",14,855.368057936766,344.631942063234,680.631942063234,519.368057936766,848.877319335938,361.658203125,148.094528198242,89.3472900390625,"test",263.66153574647,0.0189018901890189,1.06696236740964,1,1,0
"square_2",1,400.8,64.8000000000002,645.6,64.8000000000002,656.065551757812,246.193511962891,332.406036376953,215.036239624023,"test",377.967064486171,0.0213095238095238,1.54398310656116,1,1,0
"square_2",2,645.6,64.8000000000002,890.4,64.8000000000002,776.76416015625,234.746124267578,275.33837890625,206.73356628418,"test",357.635171047439,0.022368269341635,1.4609279863049,1,1,0
"square_2",3,890.4,64.8000000000002,1135.2,64.8000000000002,922.6865234375,245.573684692383,270.715850830078,213.95361328125,"test",400.579089759353,0.018047200370199,1.63635249084703,1,1,0
"square_2",4,1135.2,64.8000000000002,1135.2,309.6,1008.39526367188,287.528594970703,320.431182861328,230.442779541016,"test",328.067037939538,0.0288770053475936,1.34014312883798,1,1,0
"square_2",5,1135.2,309.6,1135.2,554.4,1073.33264160156,351.612457275391,196.081695556641,109.305778503418,"test",282.211668170164,0.0152494445566552,1.15282544187158,1,1,0
"square_2",6,1135.2,554.4,1135.2,799.2,1039.2724609375,545.260375976562,212.762573242188,103.590194702148,"test",335.210775196828,0.00504948495253484,1.36932506207855,1,1,0
"square_2",7,1135.2,799.2,890.4,799.2,852.712646484375,615.263488769531,349.352569580078,227.909545898438,"test",396.439425979018,0.0193765796124684,1.61944209958749,1,1,0
"square_2",8,890.4,799.2,645.6,799.2,750.957946777344,628.390686035156,281.9765625,214.647109985352,"test",366.007994838085,0.022674146797569,1.495130697868,1,1,0
"square_2",9,645.6,799.2,400.8,799.2,609.213623046875,616.9208984375,274.498474121094,218.540161132812,"test",405.382860208611,0.0198426676059645,1.65597573614629,1,1,0
"square_2",10,400.8,799.2,400.8,554.4,508.884033203125,581.890869140625,317.181274414062,233.176834106445,"test",319.565950704258,0.0284890010818608,1.30541646529517,1,1,0
"square_2",11,400.8,554.4,400.8,309.6,464.873016357422,508.149780273438,187.757400512695,105.229499816895,"test",276.558776790816,0.0144153225806452,1.12973356532196,1,1,0
"square_2",12,400.8,309.6,400.8,64.8000000000002,497.203002929688,316.292785644531,202.051971435547,101.189102172852,"test",326.620419256158,0.00282286520818631,1.3342337387915,1,1,0
"square_2",13,400.8,64.8000000000002,645.6,64.8000000000002,656.065551757812,246.193511962891,332.406036376953,215.036239624023,"test",380.031452973418,0.0239364853655646,1.55241606606788,1,1,0
"square_2",14,645.6,64.8000000000002,890.4,64.8000000000001,776.76416015625,234.746124267578,275.33837890625,206.73356628418,"test",359.797106118512,0.0259306211824363,1.46975942041876,1,1,0
"square_spiral",1,951.6,432,951.6,615.6,925.33935546875,435.441528320312,155.13232421875,86.6074523925781,"test",237.226722359967,0.0167,1.29208454444426,1,1,0
"square_spiral",2,951.6,615.6,768,615.6,900.899169921875,585.300659179688,174.588485717773,102.396606445312,"test",211.809339812205,0.0685398896136478,1.15364564167868,1,1,0
"square_spiral",3,768,615.6,584.4,615.6,752.1923828125,578.482604980469,158.135787963867,102.015243530273,"test",223.944924820731,0.0566188996893476,1.21974359924146,1,1,0
"square_spiral",4,584.4,615.6,584.4,432,597.700378417969,569.676513671875,164.414810180664,107.50617980957,"test",218.076541394166,0.0432774374937243,1.18778072654774,1,1,0
"square_spiral",5,584.4,432,584.4,248.4,620.981140136719,426.802612304688,150.498199462891,85.2055435180664,"test",234.713218845469,0.0177,1.27839443815615,1,1,0
"square_spiral",6,584.4,248.4,768,248.4,646.885925292969,279.705505371094,171.100067138672,102.561447143555,"test",204.765412477468,0.0736134790893591,1.11528002438708,1,1,0
"square_spiral",7,768,248.4,951.6,248.4,792.818725585938,285.629577636719,158.008697509766,103.020179748535,"test",217.825241324252,0.063714686435584,1.18641198978351,1,1,0
"square_spiral",8,951.6,248.4,1135.2,248.4,942.42236328125,292.469879150391,166.471908569336,108.762100219727,"test",247.289888117214,0.0463483146067416,1.34689481545324,1,1,0
"square_spiral",9,1135.2,248.4,1135.2,432,1075.99194335938,312.83056640625,210.219131469727,127.310668945312,"test",242.407139112377,0.0420022428382098,1.32030032196284,1,1,0
"square_spiral",10,1135.2,432,1135.2,615.6,1060.63757324219,447.079772949219,195.254669189453,96.53271484375,"test",260.026866577455,0.0218705906067325,1.41626833647851,1,1,0
"square_spiral",11,1135.2,615.6,1135.2,799.2,1016.95294189453,587.931396484375,232.63801574707,117.835578918457,"test",324.269527288825,0.0134872790436293,1.76617389590863,1,1,0
"square_spiral",12,1135.2,799.2,951.6,799.2,852.712646484375,615.263488769531,349.352569580078,227.909545898438,"test",406.630185615776,0.0206222865412446,2.21476135956305,1,1,0
"square_spiral",13,951.6,799.2,768,799.2,784.240234375,627.123413085938,292.929260253906,216.470336914062,"test",359.774748453081,0.0264018691588785,1.95955745344815,1,1,0
"square_spiral",14,768,799.2,584.4,799.2,678.817504882812,625.864501953125,271.49462890625,214.627502441406,"test",356.668071213641,0.0244410981118962,1.94263655345121,1,1,0
"alternating_diff_2",1,400.8,468.72,437.52,468.72,471.574462890625,440.825225830078,182.777679443359,94.5051193237305,"test",181.444545760509,0.0893753765816429,4.94130026580907,1,1,0
"alternating_diff_2",2,437.52,468.72,474.24,468.72,498.308044433594,444.705841064453,171.831176757812,91.3548126220703,"test",171.742056219753,0.101012125463473,4.67707124781463,1,1,0
"alternating_diff_2",3,474.24,468.72,510.96,395.28,527.325317382812,448.042022705078,163.423400878906,89.0675582885742,"test",170.823536658911,0.100270189132393,2.08046318151554,1,1,0
"alternating_diff_2",4,510.96,395.28,547.68,468.72,564.550659179688,393.287689208984,159.630828857422,86.2220001220703,"test",174.477697927229,0.0842252675802741,2.12496728280478,1,1,0
"alternating_diff_2",5,547.68,468.72,584.4,468.72,588.004516601562,453.361389160156,152.770477294922,86.6385345458984,"test",152.703985296875,0.125625125025005,4.15860526407612,1,1,0
"alternating_diff_2",6,584.4,468.72,621.12,468.72,618.407348632812,455.441558837891,149.771911621094,86.1873245239258,"test",152.081126259673,0.1319,4.14164287199546,1,1,0
"alternating_diff_2",7,621.12,468.72,657.84,395.28,648.558288574219,457.172210693359,147.876129150391,86.02880859375,"test",160.380513309948,0.1027,1.95327739666314,1,1,0
"alternating_diff_2",8,657.84,395.28,694.56,468.72,683.690307617188,399.811370849609,147.733673095703,85.386848449707,"test",163.112680735229,0.0967,1.98655251697272,1,1,0
"alternating_diff_2",9,694.56,468.72,731.28,468.72,708.577880859375,459.696716308594,146.355316162109,86.0694885253906,"test",151.011654738281,0.126,4.11251783056321,1,1,0
"alternating_diff_2",10,731.28,468.72,768,468.72,738.888610839844,460.583099365234,146.367935180664,86.1062774658203,"test",150.502311995735,0.1323,4.09864684084247,1,1,0
"alternating_diff_2",11,768,468.72,804.72,395.28,769.603820800781,461.309387207031,146.767852783203,86.1127395629883,"test",163.007384884026,0.101,1.98527011674921,1,1,0
"alternating_diff_2",12,804.72,395.28,841.44,468.72,803.151306152344,401.591186523438,147.323333740234,86.5956192016602,"test",166.937135551801,0.0995,2.03313062670438,1,1,0
"alternating_diff_2",13,841.44,468.72,878.16,468.72,831.913452148438,462.618011474609,148.732238769531,86.0692825317383,"test",155.114080268238,0.1254,4.22423965872106,1,1,0
"alternating_diff_2",14,878.16,468.72,914.88,468.72,862.986083984375,463.372680664062,150.439727783203,86.0744094848633,"test",156.996470061652,0.1192,4.2755029973217,1,1,0
"3_pts",1,645.06436875052,432,768,432,670.121826171875,429.142639160156,147.723114013672,85.2964401245117,"test",172.111581449315,0.109410941094109,1.4000138096663,1,1,0
"3_pts",2,768,432,890.93563124948,432,770.587036132812,431.407928466797,147.056518554688,85.9336318969727,"test",182.000148814329,0.0896,1.48045076081309,1,1,0
"3_pts",3,890.93563124948,432,645.06436875052,432,874.952880859375,433.577392578125,150.722290039062,86.2131423950195,"test",256.68725218993,0.0437,1.04399045899484,1,1,0
"3_pts",4,645.06436875052,432,768,432,670.121826171875,429.142639160156,147.723114013672,85.2964401245117,"test",168.54320512834,0.1123,1.37098742988765,1,1,0
"3_pts",5,768,432,890.93563124948,432,770.587036132812,431.407928466797,147.056518554688,85.9336318969727,"test",182.037226791864,0.0973,1.4807523656217,1,1,0
"3_pts",6,890.93563124948,432,645.06436875052,432,874.952880859375,433.577392578125,150.722290039062,86.2131423950195,"test",258.782985419887,0.0464,1.05251416041752,1,1,0
"3_pts",7,645.06436875052,432,768,432,670.121826171875,429.142639160156,147.723114013672,85.2964401245117,"test",169.003538077259,0.108,1.37473193377347,1,1,0
"3_pts",8,768,432,890.93563124948,432,770.587036132812,431.407928466797,147.056518554688,85.9336318969727,"test",180.925983180265,0.0959,1.47171313427514,1,1,0
"3_pts",9,890.93563124948,432,645.06436875052,432,874.952880859375,433.577392578125,150.722290039062,86.2131423950195,"test",257.61144396286,0.0415,1.04774930321087,1,1,0
"3_pts",10,645.06436875052,432,768,432,670.121826171875,429.142639160156,147.723114013672,85.2964401245117,"test",171.560509612069,0.1075,1.39553120497598,1,1,0
"3_pts",11,768,432,890.93563124948,432,770.587036132812,431.407928466797,147.056518554688,85.9336318969727,"test",181.464464320101,0.0929,1.4760933219747,1,1,0
"3_pts",12,890.93563124948,432,645.06436875052,432,874.952880859375,433.577392578125,150.722290039062,86.2131423950195,"test",255.934944230146,0.0394,1.04093069531145,1,1,0
"3_pts",13,645.06436875052,432,768,432,670.121826171875,429.142639160156,147.723114013672,85.2964401245117,"test",172.819476734875,0.0993,1.40577206932109,1,1,0
"3_pts",14,768,432,890.93563124948,432,770.587036132812,431.407928466797,147.056518554688,85.9336318969727,"test",180.8493449585,0.0928,1.47108973306114,1,1,0
"hexagon",1,645.080908791024,219.097888805861,890.919091208976,219.097888805861,702.650085449219,261.987060546875,174.34065246582,111.30387878418,"test",249.431696400833,0.0459631085576051,1.01461739566872,1,1,0
"hexagon",2,890.919091208976,219.097888805861,1013.83818241795,432,899.874938964844,270.786804199219,170.569000244141,116.195686340332,"test",257.880650298356,0.0317892824704814,1.04898534378167,1,1,0
"hexagon",3,1013.83818241795,432,890.919091208976,644.90211119414,974.705810546875,438.155334472656,162.983444213867,87.9059906005859,"test",271.593062086855,0.0098009800980098,1.10476354574212,1,1,0
"hexagon",4,890.919091208976,644.90211119414,645.080908791024,644.90211119414,843.552734375,604.079528808594,175.973526000977,110.538360595703,"test",255.741179112171,0.0430790960451977,1.04028258180571,1,1,0
"hexagon",5,645.080908791024,644.90211119414,522.161817582048,432,640.263671875,593.015502929688,169.679107666016,115.280281066895,"test",258.809384045695,0.0292545142741854,1.0527631692529,1,1,0
"hexagon",6,522.161817582048,432,645.080908791024,219.097888805861,569.878662109375,423.129455566406,156.565490722656,86.0172882080078,"test",263.891151055976,0.0092009200920092,1.07343435612997,1,1,0
"hexagon",7,645.080908791024,219.097888805861,890.919091208975,219.097888805861,702.650085449219,261.987060546875,174.34065246582,111.30387878418,"test",247.584377909872,0.0475517415446744,1.00710302799486,1,1,0
"hexagon",8,890.919091208975,219.097888805861,1013.83818241795,432,899.874938964844,270.786804199219,170.569000244141,116.195686340332,"test",258.67897446516,0.0265281420213839,1.05223270006682,1,1,0
"hexagon",9,1013.83818241795,432,890.919091208976,644.902111194139,974.705810546875,438.155334472656,162.983444213867,87.9059906005859,"test",271.299104531467,0.00760152030406081,1.10356780978078,1,1,0
"hexagon",10,890.919091208976,644.902111194139,645.080908791024,644.902111194139,843.552734375,604.079528808594,175.973526000977,110.538360595703,"test",256.284667568892,0.0407093913744458,1.04249333870025,1,1,0
"hexagon",11,645.080908791024,644.902111194139,522.161817582049,432,640.263671875,593.015502929688,169.679107666016,115.280281066895,"test",255.775771297866,0.0296580248158983,1.04042329300588,1,1,0
"hexagon",12,522.161817582049,432,645.080908791025,219.097888805861,569.878662109375,423.129455566406,156.565490722656,86.0172882080078,"test",264.229602604503,0.00880176035207041,1.07481108103575,1,1,0
"hexagon",13,645.080908791025,219.097888805861,890.919091208976,219.097888805862,702.650085449219,261.987060546875,174.34065246582,111.30387878418,"test",248.224932307867,0.0459317585301837,1.00970862160809,1,1,0
"hexagon",14,890.919091208976,219.097888805862,1013.83818241795,432.000000000001,899.874938964844,270.786804199219,170.569000244141,116.195686340332,"test",259.717398526685,0.0266397578203834,1.05645671462514,1,1,0
"plus",1,768,432,772.375117667415,309.080908791027,770.587036132812,431.407928466797,147.056518554688,85.9336318969727,"test",189.447101004916,0.055,1.54025878492674,1,1,0
"plus",2,772.375117667415,309.080908791027,776.75023533483,186.161817582054,785.635803222656,331.947906494141,148.094085693359,91.6365737915039,"test",209.149230917135,0.0382038203820382,1.700442701799,1,1,0
"plus",3,776.75023533483,186.161817582054,768,432,818.238159179688,248.382171630859,181.669769287109,126.810455322266,"test",259.297330876968,0.0319465844889574,1.05408050498736,1,1,0
"plus",4,768,432,890.919091208973,436.375117667415,770.587036132812,431.407928466797,147.056518554688,85.9336318969727,"test",180.046865632507,0.0963,1.46383219916253,1,1,0
"plus",5,890.919091208973,436.375117667415,1013.83818241795,440.750235334829,874.818359375,437.176971435547,150.785751342773,86.1602096557617,"test",193.885428572694,0.0868,1.57634364972747,1,1,0
"plus",6,1013.83818241795,440.750235334829,768,432,974.135620117188,445.298706054688,163.33137512207,87.7783355712891,"test",245.716504711522,0.0537053705370537,0.998872516327376,1,1,0
"plus",7,768,432,763.624882332585,554.919091208973,770.587036132812,431.407928466797,147.056518554688,85.9336318969727,"test",190.253192305361,0.0517,1.54681253634535,1,1,0
"plus",8,763.624882332585,554.919091208973,759.249764665171,677.838182417946,760.693603515625,529.943481445312,148.240432739258,90.9124526977539,"test",211.288962117698,0.0365,1.71783932471678,1,1,0
"plus",9,759.249764665171,677.838182417946,768,432,722.520690917969,617.343994140625,181.864883422852,126.187942504883,"test",260.942859233556,0.0281574350015415,1.06076981164245,1,1,0
"plus",10,768,432,645.080908791027,427.624882332585,770.587036132812,431.407928466797,147.056518554688,85.9336318969727,"test",184.864179697778,0.0879,1.50299833192163,1,1,0
"plus",11,645.080908791027,427.624882332585,522.161817582054,423.249764665171,670.454223632812,425.645721435547,147.784118652344,85.25732421875,"test",194.577759055893,0.0863,1.5819724933633,1,1,0
"plus",12,522.161817582054,423.249764665171,768,432,570.70849609375,416.263854980469,156.852020263672,85.89013671875,"test",234.371339279884,0.0565056505650565,0.952752806313777,1,1,0
"plus",13,768,432,772.375117667415,309.080908791027,770.587036132812,431.407928466797,147.056518554688,85.9336318969727,"test",189.364698416237,0.0555,1.53958882845635,1,1,0
"plus",14,772.375117667415,309.080908791027,776.75023533483,186.161817582054,785.635803222656,331.947906494141,148.094085693359,91.6365737915039,"test",207.522362023111,0.0422168867547019,1.68721579522375,1,1,0
"spiral_outward",1,804.101707718842,378.919044335464,863.234443685495,378.919044335464,803.709228515625,388.191741943359,147.079711914062,87.0695724487305,"test",157.894284092384,0.1159,2.67016706586057,1,1,0
"spiral_outward",2,863.234443685495,378.919044335464,919.047063393221,419.469286152517,853.221496582031,389.351226806641,148.564163208008,87.4811553955078,"test",163.112800343594,0.1138,2.36435824315531,1,1,0
"spiral_outward",3,919.047063393221,419.469286152517,943.411090509997,494.454051309111,898.903076171875,424.069641113281,152.19856262207,86.559700012207,"test",171.582154855024,0.0946,2.17623308033371,1,1,0
"spiral_outward",4,943.411090509997,494.454051309111,916.001560003624,578.811912110279,914.938232421875,486.162933349609,156.075408935547,86.8406753540039,"test",179.981537273427,0.0724,2.02912463890196,1,1,0
"spiral_outward",5,916.001560003624,578.811912110279,836.269246135443,636.740828991783,882.017395019531,554.520446777344,160.641174316406,93.8352813720703,"test",183.294304961337,0.0784235270581174,1.85982571546873,1,1,0
"spiral_outward",6,836.269246135443,636.740828991783,727.859230196581,636.740828991783,802.377807617188,596.637329101562,167.735717773438,107.577613830566,"test",188.623637616073,0.0771244462343939,1.7399096936066,1,1,0
"spiral_outward",7,727.859230196581,636.740828991783,632.180453554764,567.226128733978,712.076904296875,592.127075195312,164.050018310547,109.354949951172,"test",187.242031329804,0.080942313500453,1.58323497356353,1,1,0
"spiral_outward",8,632.180453554764,567.226128733978,592.588909490003,445.375885354513,648.400939941406,534.934936523438,150.738677978516,94.4195861816406,"test",183.071071929781,0.0770231069320796,1.42889280378162,1,1,0
"spiral_outward",9,592.588909490003,445.375885354513,635.225956944361,314.152546330474,626.648071289062,437.690795898438,149.700744628906,85.4312438964844,"test",191.194174333323,0.0577,1.38570216799671,1,1,0
"spiral_outward",10,635.225956944361,314.152546330474,754.824427746632,227.259171008216,676.39501953125,333.151123046875,151.750747680664,89.500244140625,"test",196.629565850303,0.0584058405840584,1.33008941755167,1,1,0
"spiral_outward",11,754.824427746632,227.259171008216,912.511723657705,227.259171008216,787.453735351562,270.628692626953,164.663696289062,109.215042114258,"test",207.271573109784,0.0715363718683972,1.31444687355584,1,1,0
"spiral_outward",12,912.511723657705,227.259171008216,1048.05665723361,325.738329706774,915.361267089844,276.79638671875,169.255249023438,114.052597045898,"test",216.764965643609,0.0609326216134555,1.29378897731042,1,1,0
"spiral_outward",13,1048.05665723361,325.738329706774,1102.87571824636,494.454051309111,1008.77911376953,354.852172851562,168.769104003906,97.2092971801758,"test",231.242437663025,0.0320256204963971,1.30352183598965,1,1,0
"spiral_outward",14,1102.87571824636,494.454051309111,1045.01115384401,672.542868556021,1031.88989257812,494.944854736328,189.176864624023,93.9586639404297,"test",253.18563344942,0.0192964824120603,1.35209975700237,1,1,0
"increasing_lines",1,618.570971868563,282.570971868563,618.570971868563,342.342583121138,667.717651367188,307.10205078125,157.775588989258,94.1167068481445,"test",170.255117585894,0.103893504153738,2.84842777395532,1,1,0
"increasing_lines",2,618.570971868563,342.342583121138,678.342583121138,342.342583121138,659.120727539062,355.681091308594,150.716522216797,86.9705810546875,"test",151.923138246204,0.126812681268127,2.54172733614672,1,1,0
"increasing_lines",3,678.342583121138,342.342583121138,618.570971868563,402.114194373713,706.684448242188,357.035034179688,147.862503051758,87.4109115600586,"test",173.917054626497,0.0971,2.05746383798696,1,1,0
"increasing_lines",4,618.570971868563,402.114194373713,678.342583121138,402.114194373713,651.481079101562,404.350006103516,149.106140136719,85.0733795166016,"test",150.843809890756,0.1307,2.52366979456753,1,1,0
"increasing_lines",5,678.342583121138,402.114194373713,738.114194373713,402.114194373713,699.371276855469,405.739868164062,147.253540039062,85.4999542236328,"test",152.649877570747,0.1292,2.55388593969299,1,1,0
"increasing_lines",6,738.114194373713,402.114194373713,618.570971868563,461.885805626288,747.594665527344,406.460906982422,146.806121826172,86.0129241943359,"test",194.102201028315,0.0729,1.4522804622,1,1,0
"increasing_lines",7,618.570971868563,461.885805626288,678.342583121138,461.885805626288,646.836303710938,451.742889404297,148.095275878906,85.8162612915039,"test",152.088494594148,0.123512351235124,2.54449380578806,1,1,0
"increasing_lines",8,678.342583121138,461.885805626288,738.114194373713,461.885805626288,695.536499023438,453.844085693359,146.605926513672,85.8894424438477,"test",152.698298817219,0.123,2.55469604411309,1,1,0
"increasing_lines",9,738.114194373713,461.885805626288,797.885805626287,461.885805626288,744.735717773438,455.252319335938,146.508148193359,86.003547668457,"test",156.331978423077,0.1222,2.61548877714655,1,1,0
"increasing_lines",10,797.885805626287,461.885805626288,618.570971868563,521.657416878862,795.030151367188,456.299468994141,147.413467407227,86.0313034057617,"test",225.252471471405,0.0492,1.19172102525688,1,1,0
"increasing_lines",11,618.570971868563,521.657416878862,678.342583121138,521.657416878862,643.001098632812,498.226287841797,148.04850769043,89.0662536621094,"test",157.16934019628,0.1122,2.62949813302062,1,1,0
"increasing_lines",12,678.342583121138,521.657416878862,738.114194373713,521.657416878862,692.788391113281,500.675811767578,146.337600708008,88.5278549194336,"test",155.346082805255,0.1243,2.59899439800635,1,1,0
"increasing_lines",13,738.114194373713,521.657416878862,797.885805626287,521.657416878862,742.583984375,502.633514404297,146.284851074219,88.1567077636719,"test",157.804828752959,0.1183,2.64013007924662,1,1,0
"increasing_lines",14,797.885805626287,521.657416878862,857.657416878862,521.657416878862,792.677612304688,504.227294921875,147.560211181641,87.8523483276367,"test",160.580646698321,0.1084,2.68657048610855,1,1,0
"zigzag_2",1,1135.2,226.430038977049,1117.31556792622,328.801356592158,1074.56115722656,302.419982910156,218.370758056641,136.300979614258,"test",219.535345825807,0.0575673166202414,2.11250531960397,1,1,0
"zigzag_2",2,1117.31556792622,328.801356592158,1099.43113585245,431.172674207267,1059.88427734375,363.4638671875,187.574478149414,103.31632232666,"test",200.787557386805,0.0671761866452132,1.93210246620821,1,1,0
"zigzag_2",3,1099.43113585245,431.172674207267,1081.54670377868,533.543991822377,1037.46594238281,443.120147705078,182.688598632812,92.8787231445312,"test",199.24309062448,0.0668004012036108,1.91724064867677,1,1,0
"zigzag_2",4,1081.54670377868,533.543991822377,1021.80545409107,448.510335740696,1011.75085449219,525.453735351562,187.414459228516,94.9579010009766,"test",196.594397890229,0.0709056263163173,1.89175328366931,1,1,0
"zigzag_2",5,1021.80545409107,448.510335740696,962.064204403458,363.476679659016,979.6494140625,452.052612304688,165.026672363281,87.9884338378906,"test",185.686477414616,0.0725290116046419,1.78679050446913,1,1,0
"zigzag_2",6,962.064204403458,363.476679659016,902.322954715847,278.443023577336,936.4072265625,380.181915283203,154.685470581055,89.5024032592773,"test",185.787697452763,0.0708070807080708,1.78776450648339,1,1,0
"zigzag_2",7,902.322954715847,278.443023577336,884.438522642075,380.814341192445,895.69970703125,311.833312988281,155.378967285156,99.0253372192383,"test",174.910739836433,0.0863431715857929,1.68309967112774,1,1,0
"zigzag_2",8,884.438522642075,380.814341192445,866.554090568303,483.185658807555,870.993286132812,391.446166992188,149.460220336914,87.5493011474609,"test",173.483766535765,0.0843,1.66936844858928,1,1,0
"zigzag_2",9,866.554090568303,483.185658807555,848.669658494531,585.556976422664,852.595336914062,474.863159179688,149.943298339844,86.2586364746094,"test",186.636454060653,0.0579,1.79593176921948,1,1,0
"zigzag_2",10,848.669658494531,585.556976422664,788.92840880692,500.523320340984,826.3232421875,557.570983886719,155.600234985352,94.7164154052734,"test",171.278554401876,0.0951475737868934,1.64814852909899,1,1,0
"zigzag_2",11,788.92840880692,500.523320340984,729.187159119308,415.489664259304,786.334838867188,487.163879394531,147.025253295898,86.8679351806641,"test",172.285197535964,0.0887,1.65783507395902,1,1,0
"zigzag_2",12,729.187159119308,415.489664259304,669.445909431697,330.456008177623,739.325622558594,417.359161376953,146.841583251953,85.8159103393555,"test",180.329092984812,0.0757,1.7352384272191,1,1,0
"zigzag_2",13,669.445909431697,330.456008177623,651.561477357925,432.827325792733,701.2939453125,347.234710693359,148.694305419922,88.1779327392578,"test",176.791958683894,0.0773,1.70120192617761,1,1,0
"zigzag_2",14,651.561477357925,432.827325792733,633.677045284153,535.198643407842,675.30322265625,429.990814208984,147.542404174805,85.3378143310547,"test",182.994712175129,0.067,1.76088866908973,1,1,0
"triangle_1",1,645.064368750521,325.534620307675,890.935631249479,325.534620307675,682.63818359375,342.687774658203,150.157897949219,88.400016784668,"test",243.502823149871,0.0463092618523705,0.990367156677788,1,1,0
"triangle_1",2,890.935631249479,325.534620307675,768,538.465379692325,880.035095214844,347.600799560547,150.062316894531,91.5404052734375,"test",262.978544040145,0.0127025405081016,1.06957820677095,1,1,0
"triangle_1",3,768,538.465379692325,645.064368750521,325.534620307675,766.222534179688,516.864868164062,147.321319580078,89.2368850708008,"test",264.495099303658,0.0099,1.07574629346844,1,1,0
"triangle_1",4,645.064368750521,325.534620307675,890.935631249479,325.534620307675,682.63818359375,342.687774658203,150.157897949219,88.400016784668,"test",241.396270630371,0.0519103820764153,0.981799451375063,1,1,0
"triangle_1",5,890.935631249479,325.534620307675,768,538.465379692325,880.035095214844,347.600799560547,150.062316894531,91.5404052734375,"test",264.780130148467,0.0136013601360136,1.07690556211135,1,1,0
"triangle_1",6,768,538.465379692325,645.064368750521,325.534620307676,766.222534179688,516.864868164062,147.321319580078,89.2368850708008,"test",263.703509001857,0.0131,1.07252676185764,1,1,0
"triangle_1",7,645.064368750521,325.534620307676,890.935631249478,325.534620307675,682.63818359375,342.687774658203,150.157897949219,88.400016784668,"test",240.658376203758,0.0502,0.978798309968324,1,1,0
"triangle_1",8,890.935631249478,325.534620307675,768,538.465379692325,880.035095214844,347.600799560547,150.062316894531,91.5404052734375,"test",264.58775704801,0.0134026805361072,1.0761231481826,1,1,0
"triangle_1",9,768,538.465379692325,645.064368750521,325.534620307676,766.222534179688,516.864868164062,147.321319580078,89.2368850708008,"test",265.853923754778,0.0094,1.08127286228054,1,1,0
"triangle_1",10,645.064368750521,325.534620307676,890.935631249479,325.534620307675,682.63818359375,342.687774658203,150.157897949219,88.400016784668,"test",240.571252126415,0.0528052805280528,0.97844396161359,1,1,0
"triangle_1",11,890.935631249479,325.534620307675,768,538.465379692325,880.035095214844,347.600799560547,150.062316894531,91.5404052734375,"test",263.468954308834,0.012002400480096,1.07157278825927,1,1,0
"triangle_1",12,768,538.465379692325,645.064368750521,325.534620307675,766.222534179688,516.864868164062,147.321319580078,89.2368850708008,"test",264.7476179396,0.0126,1.07677332946026,1,1,0
"triangle_1",13,645.064368750521,325.534620307675,890.935631249479,325.534620307676,682.63818359375,342.687774658203,150.157897949219,88.400016784668,"test",240.589936547277,0.0537053705370537,0.978519954312662,1,1,0
"triangle_1",14,890.935631249479,325.534620307676,767.999999999999,538.465379692325,880.035095214844,347.600799560547,150.062316894531,91.5404052734375,"test",262.688541296281,0.0161,1.06839871657386,1,1,0
"radial_1",1,768,428.367367736224,1001.72893449014,351.209359436697,770.729919433594,428.418060302734,147.062057495117,85.9490509033203,"test",267.082010758491,0.0274,1.08510253941244,1,1,0
"radial_1",2,1001.72893449014,351.209359436697,768,428.367367736224,969.48046875,372.198974609375,159.530563354492,91.6619338989258,"test",250.74980977088,0.0417125137541262,1.0187479664649,1,1,0
"radial_1",3,768,428.367367736224,1008.9941990177,478.411039688495,770.729919433594,428.418060302734,147.062057495117,85.9490509033203,"test",266.714764980141,0.034,1.08361049086322,1,1,0
"radial_1",4,1008.9941990177,478.411039688495,768,428.367367736224,967.391479492188,475.82958984375,164.244232177734,87.7554702758789,"test",243.43504810231,0.0475047504750475,0.989029504936096,1,1,0
"radial_1",5,768,428.367367736224,951.685262537872,592.203558454394,770.729919433594,428.418060302734,147.062057495117,85.9490509033203,"test",277.643173073689,0.0137,1.12801049871237,1,1,0
"radial_1",6,951.685262537872,592.203558454394,768,428.367367736224,907.06396484375,566.929077148438,168.26530456543,96.8899765014648,"test",248.767730689049,0.031143601041458,1.01069516261299,1,1,0
"radial_1",7,768,428.367367736224,845.158008299526,662.096302226367,770.729919433594,428.418060302734,147.062057495117,85.9490509033203,"test",284.074687444183,0.004,1.15414049734415,1,1,0
"radial_1",8,845.158008299526,662.096302226367,768,428.367367736224,799.618530273438,613.013732910156,178.549468994141,117.332893371582,"test",256.910971966256,0.0261391375101709,1.04377957651212,1,1,0
"radial_1",9,768,428.367367736224,717.956328047729,669.36156675392,770.729919433594,428.418060302734,147.062057495117,85.9490509033203,"test",285.796415564661,0.0031,1.16113554560817,1,1,0
"radial_1",10,717.956328047729,669.36156675392,768,428.367367736224,692.135314941406,611.078979492188,177.625869750977,123.251251220703,"test",264.048012838703,0.0246194708346103,1.07277599282855,1,1,0
"radial_1",11,768,428.367367736224,604.16380928183,612.052630274096,770.729919433594,428.418060302734,147.062057495117,85.9490509033203,"test",280.369670799159,0.0104,1.13908773149644,1,1,0
"radial_1",12,604.16380928183,612.052630274096,768,428.367367736224,615.062133789062,568.29541015625,161.511444091797,105.512580871582,"test",259.154485159431,0.0290610281591342,1.05289453658077,1,1,0
"radial_1",13,768,428.367367736224,534.271065509856,505.52537603575,770.729919433594,428.418060302734,147.062057495117,85.9490509033203,"test",273.318063941677,0.0269,1.11043841705456,1,1,0
"radial_1",14,534.271065509856,505.52537603575,768,428.367367736224,573.755737304688,481.121856689453,154.24658203125,89.2737197875977,"test",239.284630259899,0.0464139241772532,0.972167160191746,1,1,0
