,tpt,func.type,x_next,y_next,next_is_repeat
0,0,sine,0.0,0.0,0
1,1,sine,1.0,2.5244129544236893,0
2,2,sine,2.0,2.727892280477045,0
3,3,sine,3.0,0.4233600241796016,0
4,4,sine,4.0,-2.2704074859237844,0
5,5,sine,5.0,-2.8767728239894153,0
6,6,sine,6.0,-0.8382464945967776,0
7,7,sine,7.0,1.9709597961563672,0
8,8,sine,8.0,2.9680747398701453,0
9,9,sine,9.0,1.2363554557252698,0
10,10,sine,10.0,-1.6320633326681093,0
11,11,sine,11.0,-2.9999706196521103,0
12,12,sine,12.0,-1.609718754001305,0
13,13,sine,13.0,1.2605011104799226,0
14,14,sine,14.0,2.971822067084611,0
15,15,sine,15.0,1.9508635204713505,0
16,16,sine,16.0,-0.8637099499951959,0
17,17,sine,17.0,-2.8841924756386703,0
18,18,sine,18.0,-2.252961740315028,0
19,19,sine,19.0,0.449631628988857,0
20,20,sine,20.0,2.738835752182883,0
21,0,sine_line,0.0,0.0,0
22,1,sine_line,1.0,3.5244129544236893,0
23,2,sine_line,2.0,4.727892280477045,0
24,3,sine_line,3.0,3.4233600241796016,0
25,4,sine_line,4.0,1.7295925140762156,0
26,5,sine_line,5.0,2.1232271760105847,0
27,6,sine_line,6.0,5.161753505403222,0
28,7,sine_line,7.0,8.970959796156368,0
29,8,sine_line,8.0,10.968074739870145,0
30,9,sine_line,9.0,10.23635545572527,0
31,10,sine_line,10.0,8.367936667331891,0
32,11,sine_line,11.0,8.00002938034789,0
33,12,sine_line,12.0,10.390281245998695,0
34,13,sine_line,13.0,14.260501110479922,0
35,14,sine_line,14.0,16.97182206708461,0
36,15,sine_line,15.0,16.95086352047135,0
37,16,sine_line,16.0,15.136290050004805,0
38,17,sine_line,17.0,14.11580752436133,0
39,18,sine_line,18.0,15.747038259684972,0
40,19,sine_line,19.0,19.449631628988858,0
41,20,sine_line,20.0,22.738835752182883,0
42,0,line,0.0,0.0,0
43,1,line,1.0,1.0,0
44,2,line,2.0,2.0,0
45,3,line,3.0,3.0,0
46,4,line,4.0,4.0,0
47,5,line,5.0,5.0,0
48,6,line,6.0,6.0,0
49,7,line,7.0,7.0,0
50,8,line,8.0,8.0,0
51,9,line,9.0,9.0,0
52,10,line,10.0,10.0,0
53,11,line,11.0,11.0,0
54,12,line,12.0,12.0,0
55,13,line,13.0,13.0,0
56,14,line,14.0,14.0,0
57,15,line,15.0,15.0,0
58,16,line,16.0,16.0,0
59,17,line,17.0,17.0,0
60,18,line,18.0,18.0,0
61,19,line,19.0,19.0,0
62,20,line,20.0,20.0,0
63,0,spiral_inward,1.0,1.0,0
64,1,spiral_inward,5.0,1.0,0
65,2,spiral_inward,8.134940853202922,3.2776678526333334,0
66,3,spiral_inward,9.293754582108974,6.844129788740159,0
67,4,spiral_inward,8.17356797749979,10.29170966031009,0
68,5,spiral_inward,5.342008497187474,12.348958043333747,0
69,6,spiral_inward,1.9670084971874742,12.348958043333747,0
70,7,spiral_inward,-0.6622967345311053,10.43865597338321,0
71,8,spiral_inward,-1.6279748419528164,7.466604359960854,0
72,9,spiral_inward,-0.7009238588279747,4.613434811075393,0
73,10,spiral_inward,1.624999999999999,2.9235522107345324,0
74,11,spiral_inward,4.374999999999999,2.9235522107345315,0
75,12,spiral_inward,6.498669610234236,4.466488498002273,0
76,13,spiral_inward,7.271212096171605,6.844129788740156,0
77,14,spiral_inward,6.537296734531106,9.102889014941146,0
78,15,spiral_inward,4.717008497187474,10.42540583259921,0
79,16,spiral_inward,2.592008497187474,10.42540583259921,0
80,17,spiral_inward,0.9739745084375788,9.249835328014266,0
81,18,spiral_inward,0.3945676439845516,7.4666043599608525,0
82,19,spiral_inward,0.9353473841407088,5.802255456444334,0
83,20,spiral_inward,2.249999999999998,4.847104421469064,0
84,0,spiral_outward,1.0,1.0,0
85,1,spiral_outward,1.75,1.0,0
86,2,spiral_outward,2.457889870078079,1.514312095755914,0
87,3,spiral_outward,2.7669068644530266,2.4653686120510674,0
88,4,spiral_outward,2.419262745781211,3.5353071928831152,0
89,5,spiral_outward,1.4079915028125267,4.270038758248707,0
90,6,spiral_outward,0.03299150281252672,4.270038758248707,0
91,7,spiral_outward,-1.1805339887498947,3.3883608798099973,0
92,8,spiral_outward,-1.6826866046091844,1.842894040830373,0
93,9,spiral_outward,-1.1419068644530268,0.17854513731385402,0
94,10,spiral_outward,0.37499999999999956,-0.9235522107345335,0
95,11,spiral_outward,2.3749999999999996,-0.923552210734534,0
96,12,spiral_outward,4.094161113046763,0.325491450386971,0
97,13,spiral_outward,4.789449350390395,2.4653686120510665,0
98,14,spiral_outward,4.055533988749896,4.724127838252056,0
99,15,spiral_outward,2.0329915028125276,6.19359096898324,0
100,16,spiral_outward,-0.5920084971874724,6.193590968983241,0
101,17,spiral_outward,-2.8168052317185786,4.577181525178941,0
102,18,spiral_outward,-3.7052290905465535,1.8428940408303744,0
103,19,spiral_outward,-2.7781781074217125,-1.010275508055087,0
104,20,spiral_outward,-0.25000000000000266,-2.8471044214690666,0
105,0,triangle_1,0.0,0.0,0
106,1,triangle_1,1.0,0.0,0
107,2,triangle_1,0.5000000000000002,0.8660254037844387,0
108,3,triangle_1,-2.220446049250313e-16,3.3306690738754696e-16,1
109,4,triangle_1,0.9999999999999998,8.813754755807632e-17,1
110,5,triangle_1,0.5000000000000006,0.8660254037844393,1
111,6,triangle_1,-7.771561172376096e-16,1.4432899320127035e-15,1
112,7,triangle_1,0.9999999999999992,-8.229256270464883e-16,1
113,8,triangle_1,0.5000000000000018,0.8660254037844394,1
114,9,triangle_1,2.220446049250313e-16,1.6653345369377348e-15,1
115,10,triangle_1,1.0000000000000002,9.30546457449323e-16,1
116,11,triangle_1,0.4999999999999999,0.8660254037844394,1
117,12,triangle_1,1.1657341758564144e-15,0.0,1
118,13,triangle_1,1.000000000000001,2.5729962394826186e-15,1
119,14,triangle_1,0.4999999999999979,0.8660254037844394,1
120,15,triangle_1,2.0539125955565396e-15,-1.6653345369377348e-15,1
121,16,triangle_1,1.000000000000002,4.215446021515914e-15,1
122,17,triangle_1,0.499999999999999,0.8660254037844412,1
123,18,triangle_1,-1.6653345369377348e-16,1.9984014443252818e-15,1
124,19,triangle_1,0.9999999999999998,5.28825285348458e-16,1
125,20,triangle_1,0.5000000000000031,0.8660254037844412,1
126,0,triangle_2,0.0,0.0,0
127,1,triangle_2,1.0,0.0,0
128,2,triangle_2,2.0,0.0,0
129,3,triangle_2,3.0,0.0,0
130,4,triangle_2,2.5,0.8660254037844387,0
131,5,triangle_2,2.0,1.7320508075688774,0
132,6,triangle_2,1.5000000000000002,2.598076211353316,0
133,7,triangle_2,0.9999999999999998,1.7320508075688776,0
134,8,triangle_2,0.49999999999999933,0.8660254037844393,0
135,9,triangle_2,-1.1102230246251565e-15,8.881784197001252e-16,1
136,10,triangle_2,0.9999999999999989,6.432490598706545e-16,1
137,11,triangle_2,1.999999999999999,3.983197000411839e-16,1
138,12,triangle_2,2.999999999999999,1.5339034021171326e-16,1
139,13,triangle_2,2.5,0.8660254037844393,1
140,14,triangle_2,2.000000000000001,1.7320508075688785,1
141,15,triangle_2,1.5000000000000018,2.598076211353318,1
142,16,triangle_2,1.0000000000000004,1.7320508075688799,1
143,17,triangle_2,0.4999999999999991,0.866025403784442,1
144,18,triangle_2,-2.220446049250313e-15,4.218847493575595e-15,1
145,19,triangle_2,0.9999999999999978,1.952631934516403e-15,1
146,20,triangle_2,1.9999999999999978,-3.1358362454278884e-16,1
147,0,square_1,0.0,0.0,0
148,1,square_1,1.0,0.0,0
149,2,square_1,1.0,1.0,0
150,3,square_1,0.0,1.0000000000000002,0
151,4,square_1,-1.8369701987210297e-16,2.220446049250313e-16,1
152,5,square_1,0.9999999999999998,-2.2884754904439333e-17,1
153,6,square_1,1.0,1.0,1
154,7,square_1,0.0,1.0000000000000004,1
155,8,square_1,-4.286263797015736e-16,4.440892098500626e-16,1
156,9,square_1,0.9999999999999996,-4.5769509808878667e-17,1
157,10,square_1,1.0,1.0,1
158,11,square_1,0.0,1.0000000000000007,1
159,12,square_1,-2.4499125789312946e-15,6.661338147750939e-16,1
160,13,square_1,0.9999999999999976,-6.865426471331795e-17,1
161,14,square_1,0.9999999999999966,0.9999999999999999,1
162,15,square_1,-3.4416913763379853e-15,0.9999999999999972,1
163,16,square_1,9.68894042502251e-16,-2.7755575615628914e-15,1
164,17,square_1,1.0000000000000009,3.3501523567202277e-15,1
165,18,square_1,0.999999999999993,1.0000000000000033,1
166,19,square_1,-6.994405055138486e-15,0.9999999999999938,1
167,20,square_1,4.2766783614732816e-15,-6.217248937900877e-15,1
168,0,square_2,0.0,0.0,0
169,1,square_2,1.0,0.0,0
170,2,square_2,2.0,0.0,0
171,3,square_2,3.0,0.0,0
172,4,square_2,3.0,1.0,0
173,5,square_2,3.0,2.0,0
174,6,square_2,3.0,3.0,0
175,7,square_2,2.0,3.0,0
176,8,square_2,1.0,3.0,0
177,9,square_2,0.0,3.0,0
178,10,square_2,-1.8369701987210297e-16,2.0,0
179,11,square_2,-3.6739403974420594e-16,1.0,0
180,12,square_2,-5.51091059616309e-16,0.0,1
181,13,square_2,0.9999999999999994,-2.4492935982947064e-16,1
182,14,square_2,1.9999999999999996,-4.898587196589413e-16,1
183,15,square_2,2.9999999999999996,-7.347880794884119e-16,1
184,16,square_2,3.0,0.9999999999999992,1
185,17,square_2,3.0000000000000004,1.9999999999999991,1
186,18,square_2,3.000000000000001,2.999999999999999,1
187,19,square_2,2.000000000000001,2.9999999999999996,1
188,20,square_2,1.0000000000000009,3.0,1
189,0,hexagon,0.0,0.0,0
190,1,hexagon,1.0,0.0,0
191,2,hexagon,1.5,0.8660254037844386,0
192,3,hexagon,1.0000000000000002,1.7320508075688772,0
193,4,hexagon,2.220446049250313e-16,1.7320508075688774,0
194,5,hexagon,-0.5000000000000002,0.866025403784439,0
195,6,hexagon,-8.881784197001252e-16,0.0,1
196,7,hexagon,0.9999999999999991,-1.133107779529596e-15,1
197,8,hexagon,1.5000000000000004,0.8660254037844368,1
198,9,hexagon,1.0000000000000013,1.7320508075688759,1
199,10,hexagon,1.3322676295501878e-15,1.7320508075688763,1
200,11,hexagon,-0.4999999999999985,0.8660254037844376,1
201,12,hexagon,2.1649348980190553e-15,-6.661338147750939e-16,1
202,13,hexagon,1.0000000000000022,6.203643049662154e-16,1
203,14,hexagon,1.5000000000000007,0.8660254037844403,1
204,15,hexagon,0.9999999999999986,1.7320508075688776,1
205,16,hexagon,-1.4432899320127035e-15,1.7320508075688748,1
206,17,hexagon,-0.49999999999999994,0.8660254037844353,1
207,18,hexagon,4.996003610813204e-16,-3.1086244689504383e-15,1
208,19,hexagon,1.0000000000000004,-3.84341254843885e-15,1
209,20,hexagon,1.5000000000000022,0.8660254037844338,1
210,0,octagon,0.0,0.0,0
211,1,octagon,1.0,0.0,0
212,2,octagon,1.7071067811865475,0.7071067811865475,0
213,3,octagon,1.7071067811865475,1.7071067811865475,0
214,4,octagon,1.0,2.414213562373095,0
215,5,octagon,0.0,2.414213562373095,0
216,6,octagon,-0.7071067811865477,1.7071067811865475,0
217,7,octagon,-0.7071067811865479,0.7071067811865475,0
218,8,octagon,-5.551115123125783e-16,-2.220446049250313e-16,1
219,9,octagon,0.9999999999999994,-4.66973964754502e-16,1
220,10,octagon,1.707106781186547,0.7071067811865469,1
221,11,octagon,1.7071067811865472,1.707106781186547,1
222,12,octagon,1.0000000000000004,2.4142135623730954,1
223,13,octagon,4.440892098500626e-16,2.414213562373096,1
224,14,octagon,-0.7071067811865467,1.707106781186548,1
225,15,octagon,-0.7071067811865454,0.7071067811865479,1
226,16,octagon,3.774758283725532e-15,1.887379141862766e-15,1
227,17,octagon,1.0000000000000038,4.950234101004326e-15,1
228,18,octagon,1.7071067811865486,0.7071067811865553,1
229,19,octagon,1.7071067811865437,1.7071067811865555,1
230,20,octagon,0.9999999999999922,2.414213562373099,1
231,0,star_octagon,0.0,0.0,0
232,1,star_octagon,1.0,0.0,0
233,2,star_octagon,0.29289321881345254,0.7071067811865476,0
234,3,star_octagon,0.29289321881345237,-0.2928932188134524,0
235,4,star_octagon,1.0,0.4142135623730949,0
236,5,star_octagon,0.0,0.4142135623730953,0
237,6,star_octagon,0.7071067811865466,-0.29289321881345315,0
238,7,star_octagon,0.7071067811865489,0.7071067811865468,0
239,8,star_octagon,-9.992007221626409e-16,1.5543122344752192e-15,1
240,9,star_octagon,0.999999999999999,-2.7331895238136935e-15,1
241,10,star_octagon,0.2928932188134552,0.7071067811865485,1
242,11,star_octagon,0.29289321881344893,-0.29289321881345154,1
243,12,star_octagon,1.0000000000000016,0.4142135623730909,1
244,13,star_octagon,1.5543122344752192e-15,0.41421356237309914,1
245,14,star_octagon,0.7071067811865426,-0.29289321881345487,1
246,15,star_octagon,0.7071067811865492,0.7071067811865451,1
247,16,star_octagon,-3.6637359812630166e-15,2.9976021664879227e-15,1
248,17,star_octagon,0.9999999999999963,-5.5774013500899026e-15,1
249,18,star_octagon,0.29289321881345554,0.7071067811865487,1
250,19,star_octagon,0.292893218813445,-0.2928932188134513,1
251,20,star_octagon,1.0000000000000007,0.41421356237308804,1
252,0,star_hexagon,0.0,0.0,0
253,1,star_hexagon,1.0,0.0,0
254,2,star_hexagon,0.7774790660436857,0.9749279121818236,0
255,3,star_hexagon,-0.12348980185873348,0.5410441730642657,0
256,4,star_hexagon,0.4999999999999999,-0.24078730940376425,0
257,5,star_hexagon,1.1234898018587336,0.5410441730642653,0
258,6,star_hexagon,0.22252093395631467,0.9749279121818237,0
259,7,star_hexagon,-1.3877787807814457e-16,2.220446049250313e-16,1
260,8,star_hexagon,0.9999999999999999,-2.6781411473390997e-16,1
261,9,star_hexagon,0.777479066043686,0.9749279121818235,1
262,10,star_hexagon,-0.12348980185873337,0.5410441730642659,1
263,11,star_hexagon,0.49999999999999956,-0.24078730940376436,1
264,12,star_hexagon,1.1234898018587338,0.541044173064265,1
265,13,star_hexagon,0.222520933956315,0.974927912181824,1
266,14,star_hexagon,-2.7755575615628914e-16,5.551115123125783e-16,1
267,15,star_hexagon,0.9999999999999998,-4.246059270053043e-16,1
268,16,star_hexagon,0.7774790660436863,0.9749279121818234,1
269,17,star_hexagon,-0.12348980185873326,0.5410441730642663,1
270,18,star_hexagon,0.49999999999999933,-0.24078730940376425,1
271,19,star_hexagon,1.1234898018587338,0.5410441730642648,1
272,20,star_hexagon,0.22252093395631523,0.9749279121818242,1
273,0,star_pentagon,0.0,0.0,0
274,1,star_pentagon,1.0,0.0,0
275,2,star_pentagon,0.19098300562505266,0.5877852522924732,0
276,3,star_pentagon,0.4999999999999999,-0.3632712640026804,0
277,4,star_pentagon,0.8090169943749477,0.5877852522924731,0
278,5,star_pentagon,0.0,3.3306690738754696e-16,1
279,6,star_pentagon,1.0,-1.5679181227139432e-16,1
280,7,star_pentagon,0.19098300562505288,0.5877852522924735,1
281,8,star_pentagon,0.49999999999999967,-0.3632712640026803,1
282,9,star_pentagon,0.8090169943749479,0.587785252292473,1
283,10,star_pentagon,0.0,5.551115123125783e-16,1
284,11,star_pentagon,1.0,-4.246059270053043e-16,1
285,12,star_pentagon,0.19098300562505321,0.5877852522924736,1
286,13,star_pentagon,0.4999999999999995,-0.3632712640026804,1
287,14,star_pentagon,0.8090169943749481,0.5877852522924728,1
288,15,star_pentagon,-1.1102230246251565e-16,7.771561172376096e-16,1
289,16,star_pentagon,0.9999999999999999,-6.924200417392142e-16,1
290,17,star_pentagon,0.19098300562505344,0.5877852522924737,1
291,18,star_pentagon,0.4999999999999993,-0.3632712640026804,1
292,19,star_pentagon,0.8090169943749483,0.5877852522924726,1
293,20,star_pentagon,-2.220446049250313e-16,9.992007221626409e-16,1
294,0,increasing_sine,0.0,0.0,0
295,1,increasing_sine,1.0,0.28506813081106497,0
296,2,increasing_sine,2.0,0.8414709848078965,0
297,3,increasing_sine,3.0,1.3520077027292983,0
298,4,increasing_sine,4.0,1.529249893234285,0
299,5,increasing_sine,5.0,1.1898684454708321,0
300,6,increasing_sine,6.0,0.3216840542499824,0
301,7,increasing_sine,7.0,-0.8976144868019289,0
302,8,increasing_sine,8.0,-2.1405607058045457,0
303,9,increasing_sine,9.0,-3.0202266278193384,0
304,10,increasing_sine,10.0,-3.2063565594376073,0
305,11,increasing_sine,11.0,-2.533925594767747,0
306,12,increasing_sine,12.0,-1.0711836347624426,0
307,13,increasing_sine,13.0,0.875721036960863,0
308,14,increasing_sine,14.0,2.827353042780405,0
309,15,increasing_sine,15.0,4.251075078822624,0
310,16,increasing_sine,16.0,4.70620746468457,0
311,17,increasing_sine,17.0,3.974953983982656,0
312,18,increasing_sine,18.0,2.141430465531141,0
313,19,increasing_sine,19.0,-0.4066569172165534,0
314,20,increasing_sine,20.0,-3.0592555242905406,0
315,0,radial_1,0.0,0.0,0
316,1,radial_1,0.9495954430968968,-0.31347806055545285,0
317,2,radial_1,0.0,0.0,1
318,3,radial_1,0.9791128073175794,0.2033177575783496,0
319,4,radial_1,0.0,0.0,1
320,5,radial_1,0.7462776855185472,0.6656347467621265,0
321,6,radial_1,0.0,0.0,1
322,7,radial_1,0.31347806055545285,0.9495954430968968,0
323,8,radial_1,0.0,0.0,1
324,9,radial_1,-0.2033177575783495,0.9791128073175794,0
325,10,radial_1,0.0,0.0,1
326,11,radial_1,-0.6656347467621263,0.7462776855185475,0
327,12,radial_1,0.0,0.0,1
328,13,radial_1,-0.9495954430968967,0.3134780605554533,0
329,14,radial_1,0.0,0.0,1
330,15,radial_1,-0.9791128073175795,-0.203317757578349,0
331,16,radial_1,0.0,0.0,1
332,17,radial_1,-0.7462776855185478,-0.665634746762126,0
333,18,radial_1,0.0,0.0,1
334,19,radial_1,-0.3134780605554538,-0.9495954430968965,0
335,20,radial_1,0.0,0.0,1
336,0,radial_2,0.0,0.0,0
337,1,radial_2,-0.032178673050626695,-0.9994821324069285,0
338,2,radial_2,-0.06435734610125339,-1.998964264813857,0
339,3,radial_2,0.0,0.0,1
340,4,radial_2,0.47187351788154763,-0.8816662538183554,0
341,5,radial_2,0.9437470357630953,-1.7633325076367108,0
342,6,radial_2,0.0,0.0,1
343,7,radial_2,0.8494875807677286,-0.5276086145253809,0
344,8,radial_2,1.6989751615354571,-1.0552172290507618,0
345,9,radial_2,0.0,0.0,1
346,10,radial_2,0.9994821324069284,-0.03217867305062698,0
347,11,radial_2,1.9989642648138568,-0.06435734610125396,0
348,12,radial_2,0.0,0.0,1
349,13,radial_2,0.8816662538183555,0.4718735178815475,0
350,14,radial_2,1.763332507636711,0.943747035763095,0
351,15,radial_2,0.0,0.0,1
352,16,radial_2,0.527608614525381,0.8494875807677285,0
353,17,radial_2,1.055217229050762,1.698975161535457,0
354,18,radial_2,0.0,0.0,1
355,19,radial_2,0.032178673050627264,0.9994821324069284,0
356,20,radial_2,0.06435734610125453,1.9989642648138568,0
357,0,plus,0.0,0.0,0
358,1,plus,0.0355709503422215,-0.9993671534985284,0
359,2,plus,0.071141900684443,-1.998734306997057,0
360,3,plus,0.0,0.0,1
361,4,plus,0.9993671534985284,0.035570950342221436,0
362,5,plus,1.998734306997057,0.07114190068444287,0
363,6,plus,0.0,0.0,1
364,7,plus,-0.03557095034222138,0.9993671534985284,0
365,8,plus,-0.07114190068444276,1.998734306997057,0
366,9,plus,0.0,0.0,1
367,10,plus,-0.9993671534985284,-0.03557095034222132,0
368,11,plus,-1.998734306997057,-0.07114190068444264,0
369,12,plus,0.0,0.0,1
370,13,plus,0.0355709503422217,-0.9993671534985283,1
371,14,plus,0.0711419006844434,-1.9987343069970567,1
372,15,plus,0.0,0.0,1
373,16,plus,0.9993671534985283,0.03557095034222164,1
374,17,plus,1.9987343069970567,0.07114190068444327,1
375,18,plus,0.0,0.0,1
376,19,plus,-0.035570950342221574,0.9993671534985283,1
377,20,plus,-0.07114190068444315,1.9987343069970567,1
378,0,radial_increasing,0.0,0.0,0
379,1,radial_increasing,0.8416845718186357,-0.5399695191049954,0
380,2,radial_increasing,0.0,0.0,1
381,3,radial_increasing,0.9983232425218522,0.05788526099668992,0
382,4,radial_increasing,1.9966464850437045,0.11577052199337984,0
383,5,radial_increasing,0.0,0.0,1
384,6,radial_increasing,0.7736363663407256,0.6336298388452982,0
385,7,radial_increasing,1.5472727326814513,1.2672596776905964,0
386,8,radial_increasing,2.320909099022177,1.9008895165358948,0
387,9,radial_increasing,0.0,0.0,1
388,10,radial_increasing,0.253446693150407,0.967349354541121,0
389,11,radial_increasing,0.506893386300814,1.934698709082242,0
390,12,radial_increasing,0.7603400794512211,2.902048063623363,0
391,13,radial_increasing,1.013786772601628,3.869397418164484,0
392,14,radial_increasing,0.0,0.0,1
393,15,radial_increasing,-0.363551002487102,0.9315742957975082,0
394,16,radial_increasing,-0.727102004974204,1.8631485915950163,0
395,17,radial_increasing,-1.090653007461306,2.7947228873925245,0
396,18,radial_increasing,-1.454204009948408,3.7262971831900327,0
397,19,radial_increasing,-1.81775501243551,4.657871478987541,0
398,20,radial_increasing,0.0,0.0,1
399,0,spiky_circle_1,5.0,0.0,0
400,1,spiky_circle_1,6.173052128719611,0.977715406501443,0
401,2,spiky_circle_1,4.755282581475767,1.545084971874737,0
402,3,spiky_circle_1,5.568790776177299,2.8374406233721676,0
403,4,spiky_circle_1,4.045084971874737,2.938926261462366,0
404,5,spiky_circle_1,4.419417382415922,4.419417382415921,0
405,6,spiky_circle_1,2.938926261462366,4.045084971874737,0
406,7,spiky_circle_1,2.8374406233721676,5.568790776177298,0
407,8,spiky_circle_1,1.5450849718747373,4.755282581475767,0
408,9,spiky_circle_1,0.9777154065014446,6.17305212871961,0
409,10,spiky_circle_1,1.4163847244119948e-15,5.0,0
410,11,spiky_circle_1,-0.9777154065014412,6.173052128719611,0
411,12,spiky_circle_1,-1.5450849718747368,4.755282581475768,0
412,13,spiky_circle_1,-2.8374406233721667,5.568790776177299,0
413,14,spiky_circle_1,-2.938926261462365,4.045084971874737,0
414,15,spiky_circle_1,-4.419417382415924,4.41941738241592,0
415,16,spiky_circle_1,-4.045084971874738,2.938926261462364,0
416,17,spiky_circle_1,-5.5687907761773,2.8374406233721654,0
417,18,spiky_circle_1,-4.755282581475769,1.5450849718747333,0
418,19,spiky_circle_1,-6.173052128719612,0.9777154065014383,0
419,20,spiky_circle_1,-5.0,-3.82856869892695e-15,0
420,0,spiky_circle_2,5.0,0.0,0
421,1,spiky_circle_2,3.7038312772317665,0.5866292439008658,0
422,2,spiky_circle_2,3.5664619361068257,1.1588137289060527,0
423,3,spiky_circle_2,4.455032620941839,2.269952498697734,0
424,4,spiky_circle_2,3.033813728906053,2.204194696096774,0
425,5,spiky_circle_2,2.6516504294495533,2.651650429449553,0
426,6,spiky_circle_2,2.938926261462366,4.045084971874737,0
427,7,spiky_circle_2,1.7024643740233005,3.341274465706379,0
428,8,spiky_circle_2,1.158813728906053,3.5664619361068257,0
429,9,spiky_circle_2,0.7821723252011558,4.938441702975688,0
430,10,spiky_circle_2,1.0622885433089962e-15,3.75,0
431,11,spiky_circle_2,-0.5866292439008647,3.7038312772317665,0
432,12,spiky_circle_2,-1.5450849718747368,4.755282581475768,0
433,13,spiky_circle_2,-1.7024643740233,3.3412744657063795,0
434,14,spiky_circle_2,-2.2041946960967738,3.033813728906053,0
435,15,spiky_circle_2,-3.535533905932739,3.535533905932736,0
436,16,spiky_circle_2,-3.0338137289060536,2.204194696096773,0
437,17,spiky_circle_2,-3.34127446570638,1.7024643740232992,0
438,18,spiky_circle_2,-4.755282581475769,1.5450849718747333,0
439,19,spiky_circle_2,-3.703831277231767,0.5866292439008629,0
440,20,spiky_circle_2,-3.75,-2.871426524195212e-15,0
441,0,oval,5.0,0.0,0
442,1,oval,4.8296291314453415,0.6470476127563018,0
443,2,oval,4.330127018922194,1.2499999999999998,0
444,3,oval,3.5355339059327378,1.7677669529663687,0
445,4,oval,2.5000000000000004,2.1650635094610964,0
446,5,oval,1.2940952255126048,2.4148145657226703,0
447,6,oval,3.061616997868383e-16,2.5,0
448,7,oval,-1.2940952255126033,2.4148145657226707,0
449,8,oval,-2.499999999999999,2.165063509461097,0
450,9,oval,-3.5355339059327373,1.7677669529663689,0
451,10,oval,-4.330127018922193,1.2500000000000009,0
452,11,oval,-4.829629131445341,0.6470476127563025,0
453,12,oval,-5.0,3.061616997868383e-16,0
454,13,oval,-4.829629131445342,-0.6470476127563008,0
455,14,oval,-4.3301270189221945,-1.2499999999999993,0
456,15,oval,-3.5355339059327395,-1.7677669529663678,0
457,16,oval,-2.500000000000002,-2.165063509461096,0
458,17,oval,-1.2940952255126077,-2.4148145657226703,0
459,18,oval,-9.184850993605148e-16,-2.5,0
460,19,oval,1.2940952255126015,-2.414814565722671,0
461,20,oval,2.4999999999999964,-2.1650635094610977,0
462,0,zigzag_widening,0.0,0.0,0
463,1,zigzag_widening,-2.443157811724089,1.1318038288553196,0
464,2,zigzag_widening,-1.1113502644823896,-1.7363469093573791,0
465,3,zigzag_widening,-4.2408654142002575,0.12272138623758044,0
466,4,zigzag_widening,-2.222700528964779,-3.4726938187147582,0
467,5,zigzag_widening,-6.038573016676427,-0.8863610563801592,0
468,6,zigzag_widening,-3.334050793447169,-5.209040728072138,0
469,7,zigzag_widening,-7.836280619152596,-1.8954434989978983,0
470,8,zigzag_widening,-4.445401057929558,-6.9453876374295165,0
471,9,zigzag_widening,-9.633988221628766,-2.904525941615638,0
472,10,zigzag_widening,-5.556751322411948,-8.681734546786895,0
473,11,zigzag_widening,-11.431695824104935,-3.9136083842333775,0
474,12,zigzag_widening,-6.668101586894338,-10.418081456144275,0
475,13,zigzag_widening,-13.229403426581106,-4.922690826851117,0
476,14,zigzag_widening,-7.779451851376727,-12.154428365501653,0
477,15,zigzag_widening,-15.027111029057274,-5.931773269468856,0
478,16,zigzag_widening,-8.890802115859117,-13.890775274859033,0
479,17,zigzag_widening,-16.824818631533443,-6.940855712086595,0
480,18,zigzag_widening,-10.002152380341506,-15.627122184216413,0
481,19,zigzag_widening,-18.622526234009612,-7.949938154704335,0
482,20,zigzag_widening,-11.113502644823896,-17.36346909357379,0
483,0,zigzag_increasing,0.0,0.0,0
484,1,zigzag_increasing,0.5209365879381813,-1.314771870457885,0
485,2,zigzag_increasing,1.0418731758763626,-2.62954374091577,0
486,3,zigzag_increasing,2.356645046334248,-2.108607152977589,0
487,4,zigzag_increasing,3.6714169167921327,-1.5876705650394074,0
488,5,zigzag_increasing,4.9861887872500175,-1.066733977101226,0
489,6,zigzag_increasing,5.507125375188199,-2.381505847559111,0
490,7,zigzag_increasing,6.0280619631263805,-3.6962777180169963,0
491,8,zigzag_increasing,6.548998551064562,-5.011049588474881,0
492,9,zigzag_increasing,7.069935139002743,-6.325821458932766,0
493,10,zigzag_increasing,8.384707009460628,-5.804884870994584,0
494,11,zigzag_increasing,9.699478879918512,-5.283948283056404,0
495,12,zigzag_increasing,11.014250750376398,-4.763011695118222,0
496,13,zigzag_increasing,12.329022620834284,-4.242075107180041,0
497,14,zigzag_increasing,13.643794491292168,-3.72113851924186,0
498,15,zigzag_increasing,14.16473107923035,-5.035910389699745,0
499,16,zigzag_increasing,14.68566766716853,-6.35068226015763,0
500,17,zigzag_increasing,15.206604255106711,-7.665454130615514,0
501,18,zigzag_increasing,15.727540843044894,-8.9802260010734,0
502,19,zigzag_increasing,16.248477430983073,-10.294997871531285,0
503,20,zigzag_increasing,16.769414018921257,-11.609769741989169,0
504,0,zigzag_increasing_widening,0.0,0.0,0
505,1,zigzag_increasing_widening,-2.8539148434168977,-1.36204627914205,0
506,2,zigzag_increasing_widening,-5.707829686833795,-2.7240925582841,0
507,3,zigzag_increasing_widening,-1.6150909636757733,-3.2235820416196734,0
508,4,zigzag_increasing_widening,2.4776477594822497,-3.7230715249552473,0
509,5,zigzag_increasing_widening,6.570386482640272,-4.22256100829082,0
510,6,zigzag_increasing_widening,1.7317134773448255,-5.831052086234721,0
511,7,zigzag_increasing_widening,-3.1069595279506212,-7.439543164178621,0
512,8,zigzag_increasing_widening,-7.9456325332460676,-9.048034242122522,0
513,9,zigzag_increasing_widening,-12.784305538541515,-10.656525320066422,0
514,10,zigzag_increasing_widening,-6.706808653504943,-10.909570004600145,0
515,11,zigzag_increasing_widening,-0.6293117684683718,-11.162614689133868,0
516,12,zigzag_increasing_widening,5.4481851165682,-11.41565937366759,0
517,13,zigzag_increasing_widening,11.525682001604771,-11.668704058201316,0
518,14,zigzag_increasing_widening,17.60317888664134,-11.921748742735039,0
519,15,zigzag_increasing_widening,10.779747719467347,-13.77668461948079,0
520,16,zigzag_increasing_widening,3.9563165522933517,-15.63162049622654,0
521,17,zigzag_increasing_widening,-2.8671146148806437,-17.48655637297229,0
522,18,zigzag_increasing_widening,-9.690545782054638,-19.34149224971804,0
523,19,zigzag_increasing_widening,-16.513976949228635,-21.196428126463793,0
524,20,zigzag_increasing_widening,-23.33740811640263,-23.051364003209542,0
525,0,quadratic,-10.0,7.5,0
526,1,quadratic,-9.0,6.075,0
527,2,quadratic,-8.0,4.8,0
528,3,quadratic,-7.0,3.675,0
529,4,quadratic,-6.0,2.6999999999999997,0
530,5,quadratic,-5.0,1.875,0
531,6,quadratic,-4.0,1.2,0
532,7,quadratic,-3.0,0.6749999999999999,0
533,8,quadratic,-2.0,0.3,0
534,9,quadratic,-1.0,0.075,0
535,10,quadratic,0.0,0.0,0
536,11,quadratic,1.0,0.075,0
537,12,quadratic,2.0,0.3,0
538,13,quadratic,3.0,0.6749999999999999,0
539,14,quadratic,4.0,1.2,0
540,15,quadratic,5.0,1.875,0
541,16,quadratic,6.0,2.6999999999999997,0
542,17,quadratic,7.0,3.675,0
543,18,quadratic,8.0,4.8,0
544,19,quadratic,9.0,6.075,0
545,20,quadratic,10.0,7.5,0
546,0,cubic,-10.0,5.0,0
547,1,cubic,-9.0,3.645,0
548,2,cubic,-8.0,2.56,0
549,3,cubic,-7.0,1.715,0
550,4,cubic,-6.0,1.08,0
551,5,cubic,-5.0,0.625,0
552,6,cubic,-4.0,0.32,0
553,7,cubic,-3.0,0.135,0
554,8,cubic,-2.0,0.04,0
555,9,cubic,-1.0,0.005,0
556,10,cubic,0.0,0.0,0
557,11,cubic,1.0,-0.005,0
558,12,cubic,2.0,-0.04,0
559,13,cubic,3.0,-0.135,0
560,14,cubic,4.0,-0.32,0
561,15,cubic,5.0,-0.625,0
562,16,cubic,6.0,-1.08,0
563,17,cubic,7.0,-1.715,0
564,18,cubic,8.0,-2.56,0
565,19,cubic,9.0,-3.645,0
566,20,cubic,10.0,-5.0,0
567,0,gold_star,0.0,0.0,0
568,1,gold_star,-0.8988981815866632,0.4381575734141659,0
569,2,gold_star,-1.224690989993451,1.383598764599751,0
570,3,gold_star,-2.1701321811790355,1.0578059561929631,0
571,4,gold_star,-3.0690303627656994,1.495963529607129,0
572,5,gold_star,-3.507187936179865,0.5970653480204657,0
573,6,gold_star,-4.45262912736545,0.2712725396136777,0
574,7,gold_star,-4.126836318958662,-0.6741686515719074,0
575,8,gold_star,-4.5649938923728275,-1.5730668331585707,0
576,9,gold_star,-3.6660957107861645,-2.0112244065727367,0
577,10,gold_star,-3.340302902379377,-2.956665597758322,0
578,11,gold_star,-2.3948617111937915,-2.630872789351534,0
579,12,gold_star,-1.4959635296071285,-3.0690303627657003,0
580,13,gold_star,-1.0578059561929625,-2.170132181179037,0
581,14,gold_star,-0.11236476500737724,-1.8443393727722495,0
582,15,gold_star,-0.4381575734141631,-0.8988981815866637,0
583,16,gold_star,2.941086779369997e-15,-5.160483153855998e-16,1
584,17,gold_star,-0.8988981815866602,0.4381575734141656,1
585,18,gold_star,-1.224690989993446,1.3835987645997514,1
586,19,gold_star,-2.170132181179031,1.057805956192964,1
587,20,gold_star,-3.069030362765694,1.4959635296071299,1
588,0,2_pts,0.0,0.0,0
589,1,2_pts,1.0,0.0,0
590,2,2_pts,0.0,0.0,1
591,3,2_pts,1.0,0.0,1
592,4,2_pts,0.0,0.0,1
593,5,2_pts,1.0,0.0,1
594,6,2_pts,0.0,0.0,1
595,7,2_pts,1.0,0.0,1
596,8,2_pts,0.0,0.0,1
597,9,2_pts,1.0,0.0,1
598,10,2_pts,0.0,0.0,1
599,11,2_pts,1.0,0.0,1
600,12,2_pts,0.0,0.0,1
601,13,2_pts,1.0,0.0,1
602,14,2_pts,0.0,0.0,1
603,15,2_pts,1.0,0.0,1
604,16,2_pts,0.0,0.0,1
605,17,2_pts,1.0,0.0,1
606,18,2_pts,0.0,0.0,1
607,19,2_pts,1.0,0.0,1
608,20,2_pts,0.0,0.0,1
609,0,3_pts,0.0,0.0,0
610,1,3_pts,1.0,0.0,0
611,2,3_pts,2.0,0.0,0
612,3,3_pts,0.0,0.0,1
613,4,3_pts,1.0,0.0,1
614,5,3_pts,2.0,0.0,1
615,6,3_pts,0.0,0.0,1
616,7,3_pts,1.0,0.0,1
617,8,3_pts,2.0,0.0,1
618,9,3_pts,0.0,0.0,1
619,10,3_pts,1.0,0.0,1
620,11,3_pts,2.0,0.0,1
621,12,3_pts,0.0,0.0,1
622,13,3_pts,1.0,0.0,1
623,14,3_pts,2.0,0.0,1
624,15,3_pts,0.0,0.0,1
625,16,3_pts,1.0,0.0,1
626,17,3_pts,2.0,0.0,1
627,18,3_pts,0.0,0.0,1
628,19,3_pts,1.0,0.0,1
629,20,3_pts,2.0,0.0,1
630,0,square_spiral,0.0,0.0,0
631,1,square_spiral,6.123233995736766e-17,1.0,0
632,2,square_spiral,-0.9999999999999999,1.0000000000000002,0
633,3,square_spiral,-2.0,1.0000000000000004,0
634,4,square_spiral,-2.0,4.440892098500626e-16,0
635,5,square_spiral,-2.0,-0.9999999999999996,0
636,6,square_spiral,-1.0,-0.9999999999999998,0
637,7,square_spiral,0.0,-1.0,0
638,8,square_spiral,1.0,-1.0000000000000002,0
639,9,square_spiral,1.0000000000000002,-2.220446049250313e-16,0
640,10,square_spiral,1.0000000000000004,0.9999999999999998,0
641,11,square_spiral,1.0000000000000007,1.9999999999999998,0
642,12,square_spiral,6.661338147750939e-16,2.0,0
643,13,square_spiral,-0.9999999999999993,2.0000000000000004,0
644,14,square_spiral,-1.9999999999999993,2.000000000000001,0
645,15,square_spiral,-2.999999999999999,2.0000000000000013,0
646,16,square_spiral,-2.9999999999999996,1.0000000000000013,0
647,17,square_spiral,-3.0,1.3322676295501878e-15,0
648,18,square_spiral,-3.0000000000000004,-0.9999999999999987,0
649,19,square_spiral,-3.000000000000001,-1.9999999999999987,0
650,20,square_spiral,-2.000000000000001,-1.9999999999999991,0
651,0,hexagon_spiral,0.0,0.0,0
652,1,hexagon_spiral,0.38268343236508984,0.9238795325112867,0
653,2,hexagon_spiral,-0.3244233488214576,1.6309863136978344,0
654,3,hexagon_spiral,-1.031530130008005,2.338093094884382,0
655,4,hexagon_spiral,-1.9554096625192918,1.9554096625192923,0
656,5,hexagon_spiral,-2.879289195030579,1.5727262301542027,0
657,6,hexagon_spiral,-2.879289195030579,0.5727262301542027,0
658,7,hexagon_spiral,-2.879289195030579,-0.42727376984579735,0
659,8,hexagon_spiral,-2.879289195030579,-1.4272737698457973,0
660,9,hexagon_spiral,-1.9554096625192923,-1.8099572022108878,0
661,10,hexagon_spiral,-1.0315301300080058,-2.1926406345759784,0
662,11,hexagon_spiral,-0.10765059749671924,-2.575324066941069,0
663,12,hexagon_spiral,0.5994561836898284,-1.8682172857545214,0
664,13,hexagon_spiral,1.3065629648763761,-1.161110504567974,0
665,14,hexagon_spiral,2.0136697460629236,-0.4540037233814266,0
666,15,hexagon_spiral,2.7207765272494715,0.25310305780512077,0
667,16,hexagon_spiral,2.3380930948843814,1.1769825903164075,0
668,17,hexagon_spiral,1.9554096625192916,2.100862122827694,0
669,18,hexagon_spiral,1.5727262301542018,3.024741655338981,0
670,19,hexagon_spiral,1.190042797789112,3.948621187850268,0
671,20,hexagon_spiral,0.19004279778911193,3.9486211878502684,0
672,0,star_spiral,0.0,0.0,0
673,1,star_spiral,-2.1213203435596424,2.121320343559643,0
674,2,star_spiral,-4.242640687119285,4.242640687119286,0
675,3,star_spiral,-4.242640687119286,-0.7573593128807143,0
676,4,star_spiral,-4.2426406871192865,-5.757359312880714,0
677,5,star_spiral,0.707106781186547,-0.8076118445748826,0
678,6,star_spiral,5.656854249492381,4.142135623730949,0
679,7,star_spiral,-3.3431457505076194,4.142135623730953,0
680,8,star_spiral,-12.34314575050762,4.142135623730956,0
681,9,star_spiral,-4.5649711574556076,-3.636038969321077,0
682,10,star_spiral,3.213203435596405,-11.41421356237311,0
683,11,star_spiral,3.2132034355964123,1.58578643762689,0
684,12,star_spiral,3.2132034355964194,14.58578643762689,0
685,13,star_spiral,-7.39339828220179,3.979184719828675,0
686,14,star_spiral,-18.0,-6.62741699796954,0
687,15,star_spiral,-1.0,-6.6274169979695525,0
688,16,star_spiral,16.0,-6.627416997969565,0
689,17,star_spiral,2.56497115745562,6.8076118445748595,0
690,18,star_spiral,-10.87005768508876,20.242640687119284,0
691,19,star_spiral,-10.870057685088817,-0.7573593128807161,0
692,20,star_spiral,-10.870057685088874,-21.757359312880716,0
693,0,triangle_spiral,0.0,0.0,0
694,1,triangle_spiral,-0.9999999999999996,1.7320508075688774,0
695,2,triangle_spiral,-1.9999999999999991,3.464101615137755,0
696,3,triangle_spiral,-3.5000000000000004,0.8660254037844397,0
697,4,triangle_spiral,-5.000000000000002,-1.7320508075688754,0
698,5,triangle_spiral,-1.0000000000000018,-1.7320508075688763,0
699,6,triangle_spiral,2.9999999999999982,-1.7320508075688772,0
700,7,triangle_spiral,0.5000000000000022,2.5980762113533182,0
701,8,triangle_spiral,-1.9999999999999938,6.928203230275514,0
702,9,triangle_spiral,-5.000000000000002,1.7320508075688874,0
703,10,triangle_spiral,-8.00000000000001,-3.4641016151377393,0
704,11,triangle_spiral,-1.0000000000000107,-3.4641016151377553,0
705,12,triangle_spiral,5.999999999999989,-3.4641016151377713,0
706,13,triangle_spiral,2.0000000000000098,3.46410161513775,0
707,14,triangle_spiral,-1.9999999999999698,10.392304845413271,0
708,15,triangle_spiral,-6.499999999999984,2.598076211353332,0
709,16,triangle_spiral,-10.999999999999998,-5.196152422706607,0
710,17,triangle_spiral,-0.9999999999999982,-5.196152422706614,0
711,18,triangle_spiral,9.000000000000002,-5.196152422706621,0
712,19,triangle_spiral,3.4999999999999982,4.330127018922202,0
713,20,triangle_spiral,-2.0000000000000053,13.856406460551025,0
714,0,f_curly_1,1.0,0.0,0
715,1,f_curly_1,0.9816888688738209,0.5816387600233341,0
716,2,f_curly_1,0.5707372016677029,0.7974949866040544,0
717,3,f_curly_1,0.12182637727726087,0.47807319688792116,0
718,4,f_curly_1,0.010007503399554585,-0.2588799919401328,0
719,5,f_curly_1,0.42944064266043924,-1.0715613187423436,0
720,6,f_curly_1,1.2892042005692204,-1.577530117665097,0
721,7,f_curly_1,2.2620854772418406,-1.558934493426592,0
722,8,f_curly_1,2.960170286650366,-1.079415498198926,0
723,9,f_curly_1,3.1430063446890766,-0.4499559262193824,0
724,10,f_curly_1,2.846635317835026,-0.0620000232252611,0
725,11,f_curly_1,2.364252062547778,-0.17739578976065984,0
726,12,f_curly_1,2.088869738115323,-0.7878815147582436,0
727,13,f_curly_1,2.3024201960220068,-1.6195191936222737,0
728,14,f_curly_1,3.0244630720040075,-2.2796957599716703,0
729,15,f_curly_1,4.0016896500717545,-2.4678079975112617,0
730,16,f_curly_1,4.843853958732492,-2.136572918000435,0
731,17,f_curly_1,5.233187447047592,-1.5174008653688662,0
732,18,f_curly_1,5.0949206633098925,-0.9962155734483791,0
733,19,f_curly_1,4.637406207366165,-0.9063588988672375,0
734,20,f_curly_1,4.240312087141179,-1.3497121598428832,0
735,0,f_curly_2,1.0,0.0,0
736,1,f_curly_2,0.06532236239526867,0.6989846193555862,0
737,2,f_curly_2,-1.3011436155469336,0.09847214410395655,0
738,3,f_curly_2,-1.5705593573395609,-1.3215613187423436,0
739,4,f_curly_2,-0.7163378145367738,-1.9589242746631386,0
740,5,f_curly_2,-0.2505505817755006,-1.2831792165475568,0
741,6,f_curly_2,-1.1533646821649741,-0.5620000232252611,0
742,7,f_curly_2,-2.530845683605749,-1.1252760462458076,0
743,8,f_curly_2,-2.8390715290764525,-2.5440211108893696,0
744,9,f_curly_2,-1.9983103499282455,-3.2178079975112617,0
745,10,f_curly_2,-1.5022017208214193,-2.5663218973512008,0
746,11,f_curly_2,-2.3724334289027067,-1.8240175571913728,0
747,12,f_curly_2,-3.7596879128588214,-2.349712159842883,0
748,13,f_curly_2,-4.106659745828843,-3.7658818468181092,0
749,14,f_curly_2,-3.2805600367885406,-4.475626005468158,0
750,15,f_curly_2,-2.754951598963621,-3.849391546898848,0
751,16,f_curly_2,-3.591917938186608,-3.0870547492723723,0
752,17,f_curly_2,-4.987693601472117,-3.5748643467071988,0
753,18,f_curly_2,-5.373304640093515,-4.987174512460509,0
754,19,f_curly_2,-4.563051362937958,-5.732369689628423,0
755,20,f_curly_2,-4.008797188136526,-5.132351750097773,0
756,0,hourglass_1,0.0,0.0,0
757,1,hourglass_1,1.0,0.0,0
758,2,hourglass_1,0.0,1.0,0
759,3,hourglass_1,1.0,1.0,0
760,4,hourglass_1,0.0,0.0,1
761,5,hourglass_1,1.0,0.0,1
762,6,hourglass_1,0.0,1.0,1
763,7,hourglass_1,1.0,1.0,1
764,8,hourglass_1,0.0,0.0,1
765,9,hourglass_1,1.0,0.0,1
766,10,hourglass_1,0.0,1.0,1
767,11,hourglass_1,1.0,1.0,1
768,12,hourglass_1,0.0,0.0,1
769,13,hourglass_1,1.0,0.0,1
770,14,hourglass_1,0.0,1.0,1
771,15,hourglass_1,1.0,1.0,1
772,16,hourglass_1,0.0,0.0,1
773,17,hourglass_1,1.0,0.0,1
774,18,hourglass_1,0.0,1.0,1
775,19,hourglass_1,1.0,1.0,1
776,20,hourglass_1,0.0,0.0,1
777,0,hourglass_2,0.0,0.0,0
778,1,hourglass_2,1.0,0.0,0
779,2,hourglass_2,2.0,0.0,0
780,3,hourglass_2,0.0,1.0,0
781,4,hourglass_2,1.0,1.0,0
782,5,hourglass_2,2.0,1.0,0
783,6,hourglass_2,0.0,0.0,1
784,7,hourglass_2,1.0,0.0,1
785,8,hourglass_2,2.0,0.0,1
786,9,hourglass_2,0.0,1.0,1
787,10,hourglass_2,1.0,1.0,1
788,11,hourglass_2,2.0,1.0,1
789,12,hourglass_2,0.0,0.0,1
790,13,hourglass_2,1.0,0.0,1
791,14,hourglass_2,2.0,0.0,1
792,15,hourglass_2,0.0,1.0,1
793,16,hourglass_2,1.0,1.0,1
794,17,hourglass_2,2.0,1.0,1
795,18,hourglass_2,0.0,0.0,1
796,19,hourglass_2,1.0,0.0,1
797,20,hourglass_2,2.0,0.0,1
798,0,3_lines_of_3,0.0,0.0,0
799,1,3_lines_of_3,1.0,0.0,0
800,2,3_lines_of_3,2.0,0.0,0
801,3,3_lines_of_3,0.0,1.0,0
802,4,3_lines_of_3,1.0,1.0,0
803,5,3_lines_of_3,2.0,1.0,0
804,6,3_lines_of_3,0.0,2.0,0
805,7,3_lines_of_3,1.0,2.0,0
806,8,3_lines_of_3,2.0,2.0,0
807,9,3_lines_of_3,0.0,0.0,1
808,10,3_lines_of_3,1.0,0.0,1
809,11,3_lines_of_3,2.0,0.0,1
810,12,3_lines_of_3,0.0,1.0,1
811,13,3_lines_of_3,1.0,1.0,1
812,14,3_lines_of_3,2.0,1.0,1
813,15,3_lines_of_3,0.0,2.0,1
814,16,3_lines_of_3,1.0,2.0,1
815,17,3_lines_of_3,2.0,2.0,1
816,18,3_lines_of_3,0.0,0.0,1
817,19,3_lines_of_3,1.0,0.0,1
818,20,3_lines_of_3,2.0,0.0,1
819,0,increasing_lines,0.0,0.0,0
820,1,increasing_lines,0.0,1.0,0
821,2,increasing_lines,1.0,1.0,0
822,3,increasing_lines,0.0,2.0,0
823,4,increasing_lines,1.0,2.0,0
824,5,increasing_lines,2.0,2.0,0
825,6,increasing_lines,0.0,3.0,0
826,7,increasing_lines,1.0,3.0,0
827,8,increasing_lines,2.0,3.0,0
828,9,increasing_lines,3.0,3.0,0
829,10,increasing_lines,0.0,4.0,0
830,11,increasing_lines,1.0,4.0,0
831,12,increasing_lines,2.0,4.0,0
832,13,increasing_lines,3.0,4.0,0
833,14,increasing_lines,4.0,4.0,0
834,15,increasing_lines,0.0,5.0,0
835,16,increasing_lines,1.0,5.0,0
836,17,increasing_lines,2.0,5.0,0
837,18,increasing_lines,3.0,5.0,0
838,19,increasing_lines,4.0,5.0,0
839,20,increasing_lines,5.0,5.0,0
840,0,zigzag_1,0.0,0.0,0
841,1,zigzag_1,-0.4590880153216931,-0.8883907891170354,0
842,2,zigzag_1,-0.9181760306433862,-1.7767815782340708,0
843,3,zigzag_1,-1.2217389331762674,-0.8239701781103042,0
844,4,zigzag_1,-1.5253018357091486,0.12884122201346238,0
845,5,zigzag_1,-1.9843898510308415,-0.759549567103573,0
846,6,zigzag_1,-2.4434778663525347,-1.6479403562206083,0
847,7,zigzag_1,-2.747040768885416,-0.6951289560968418,0
848,8,zigzag_1,-3.050603671418297,0.25768244402692475,0
849,9,zigzag_1,-3.50969168673999,-0.6307083450901105,0
850,10,zigzag_1,-3.9687797020616826,-1.519099134207146,0
851,11,zigzag_1,-4.272342604594564,-0.5662877340833794,0
852,12,zigzag_1,-4.575905507127445,0.38652366604038707,0
853,13,zigzag_1,-5.034993522449137,-0.5018671230766483,0
854,14,zigzag_1,-5.49408153777083,-1.3902579121936838,0
855,15,zigzag_1,-5.797644440303711,-0.43744651206991714,0
856,16,zigzag_1,-6.1012073428365925,0.5153648880538494,0
857,17,zigzag_1,-6.560295358158285,-0.373025901063186,0
858,18,zigzag_1,-7.019383373479978,-1.2614166901802215,0
859,19,zigzag_1,-7.322946276012859,-0.3086052900564549,0
860,20,zigzag_1,-7.6265091785457395,0.6442061100673118,0
861,0,zigzag_2,0.0,0.0,0
862,1,zigzag_2,-0.17209510273538114,0.9850803396751447,0
863,2,zigzag_2,-0.3441902054707623,1.9701606793502895,0
864,3,zigzag_2,-0.5162853082061436,2.955241019025434,0
865,4,zigzag_2,-1.0911526822508024,2.136994416674408,0
866,5,zigzag_2,-1.6660200562954612,1.3187478143233817,0
867,6,zigzag_2,-2.24088743034012,0.5005012119723556,0
868,7,zigzag_2,-2.412982533075501,1.4855815516475004,0
869,8,zigzag_2,-2.585077635810882,2.4706618913226452,0
870,9,zigzag_2,-2.757172738546263,3.4557422309977897,0
871,10,zigzag_2,-3.3320401125909216,2.6374956286467635,0
872,11,zigzag_2,-3.906907486635581,1.8192490262957377,0
873,12,zigzag_2,-4.48177486068024,1.0010024239447115,0
874,13,zigzag_2,-4.65386996341562,1.9860827636198564,0
875,14,zigzag_2,-4.825965066151002,2.9711631032950008,0
876,15,zigzag_2,-4.998060168886383,3.9562434429701456,0
877,16,zigzag_2,-5.572927542931041,3.1379968406191194,0
878,17,zigzag_2,-6.1477949169757,2.3197502382680937,0
879,18,zigzag_2,-6.7226622910203595,1.5015036359170673,0
880,19,zigzag_2,-6.89475739375574,2.486583975592212,0
881,20,zigzag_2,-7.066852496491121,3.4716643152673567,0
882,0,zigzag_3,0.0,0.0,0
883,1,zigzag_3,-0.9933254475279483,-0.11534537395752403,0
884,2,zigzag_3,-1.9866508950558965,-0.23069074791504807,0
885,3,zigzag_3,-2.9799763425838455,-0.34603612187257227,0
886,4,zigzag_3,-3.973301790111793,-0.46138149583009613,0
887,5,zigzag_3,-4.088647164069318,0.5319439516978519,0
888,6,zigzag_3,-4.203992538026842,1.5252693992258004,0
889,7,zigzag_3,-4.319337911984366,2.518594846753749,0
890,8,zigzag_3,-4.434683285941891,3.5119202942816976,0
891,9,zigzag_3,-5.42800873346984,3.3965749203241735,0
892,10,zigzag_3,-6.421334180997788,3.2812295463666494,0
893,11,zigzag_3,-7.414659628525737,3.1658841724091262,0
894,12,zigzag_3,-8.407985076053686,3.0505387984516017,0
895,13,zigzag_3,-8.52333045001121,4.043864245979551,0
896,14,zigzag_3,-8.638675823968734,5.037189693507499,0
897,15,zigzag_3,-8.754021197926258,6.030515141035448,0
898,16,zigzag_3,-8.869366571883784,7.023840588563396,0
899,17,zigzag_3,-9.862692019411732,6.908495214605873,0
900,18,zigzag_3,-10.85601746693968,6.793149840648348,0
901,19,zigzag_3,-11.84934291446763,6.677804466690826,0
902,20,zigzag_3,-12.842668361995578,6.562459092733301,0
903,0,stairs,0.0,0.0,0
904,1,stairs,-0.48368864800894884,1.9406301275068558,0
905,2,stairs,-2.461696735003396,2.236407083648757,0
906,3,stairs,-2.945385383012345,4.177037211155613,0
907,4,stairs,-4.923393470006792,4.472814167297514,0
908,5,stairs,-5.407082118015739,6.4134442948043695,0
909,6,stairs,-7.3850902050101865,6.709221250946271,0
910,7,stairs,-7.868778853019137,8.649851378453127,0
911,8,stairs,-9.846786940013583,8.945628334595028,0
912,9,stairs,-10.330475588022532,10.886258462101885,0
913,10,stairs,-12.30848367501698,11.182035418243787,0
914,11,stairs,-12.792172323025927,13.12266554575064,0
915,12,stairs,-14.770180410020373,13.418442501892542,0
916,13,stairs,-15.253869058029322,15.3590726293994,0
917,14,stairs,-17.23187714502377,15.6548495855413,0
918,15,stairs,-17.715565793032717,17.595479713048153,0
919,16,stairs,-19.693573880027166,17.891256669190057,0
920,17,stairs,-20.17726252803611,19.83188679669691,0
921,18,stairs,-22.15527061503056,20.12766375283881,0
922,19,stairs,-22.63895926303951,22.068293880345667,0
923,20,stairs,-24.616967350033956,22.364070836487567,0
924,0,stairs_2,0.0,0.0,0
925,1,stairs_2,0.9981065204001687,-0.061509137001487746,0
926,2,stairs_2,1.9962130408003373,-0.12301827400297549,0
927,3,stairs_2,2.119231314803313,1.8731947667973619,0
928,4,stairs_2,3.117337835203481,1.8116856297958737,0
929,5,stairs_2,4.11544435560365,1.7501764927943857,0
930,6,stairs_2,4.238462629606626,3.7463895335947237,0
931,7,stairs_2,5.236569150006795,3.6848803965932357,0
932,8,stairs_2,6.234675670406962,3.623371259591748,0
933,9,stairs_2,6.357693944409938,5.619584300392086,0
934,10,stairs_2,7.355800464810107,5.5580751633905985,0
935,11,stairs_2,8.353906985210275,5.496566026389111,0
936,12,stairs_2,8.476925259213251,7.492779067189449,0
937,13,stairs_2,9.47503177961342,7.43126993018796,0
938,14,stairs_2,10.47313830001359,7.369760793186473,0
939,15,stairs_2,10.596156574016565,9.365973833986809,0
940,16,stairs_2,11.594263094416732,9.304464696985322,0
941,17,stairs_2,12.5923696148169,9.242955559983834,0
942,18,stairs_2,12.715387888819874,11.239168600784172,0
943,19,stairs_2,13.713494409220043,11.177659463782685,0
944,20,stairs_2,14.711600929620213,11.116150326781197,0
945,0,growing_stairs_1,0.0,0.0,0
946,1,growing_stairs_1,-0.6965848644429793,-0.717474408344267,0
947,2,growing_stairs_1,0.37962674807342034,-1.762351705008737,0
948,3,growing_stairs_1,-0.316958116369559,-2.479826113353004,0
949,4,growing_stairs_1,-1.0135429808125385,-3.1973005216972705,0
950,5,growing_stairs_1,0.06266863170386128,-4.242177818361741,0
951,6,growing_stairs_1,-0.633916232739118,-4.959652226706008,0
952,7,growing_stairs_1,-1.3305010971820974,-5.677126635050275,0
953,8,growing_stairs_1,-2.0270859616250765,-6.394601043394541,0
954,9,growing_stairs_1,-0.9508743491086769,-7.439478340059011,0
955,10,growing_stairs_1,-1.6474592135516564,-8.15695274840328,0
956,11,growing_stairs_1,-2.3440440779946354,-8.874427156747544,0
957,12,growing_stairs_1,-3.0406289424376145,-9.591901565091812,0
958,13,growing_stairs_1,-3.7372138068805936,-10.30937597343608,0
959,14,growing_stairs_1,-2.661002194364195,-11.35425327010055,0
960,15,growing_stairs_1,-3.357587058807174,-12.071727678444816,0
961,16,growing_stairs_1,-4.054171923250153,-12.789202086789082,0
962,17,growing_stairs_1,-4.750756787693132,-13.50667649513335,0
963,18,growing_stairs_1,-5.447341652136111,-14.224150903477618,0
964,19,growing_stairs_1,-6.143926516579091,-14.941625311821884,0
965,20,growing_stairs_1,-5.067714904062692,-15.986502608486356,0
966,0,growing_stairs_2,0.0,0.0,0
967,1,growing_stairs_2,-0.48789067521055646,0.8729047422500278,0
968,2,growing_stairs_2,0.3850140670394713,1.3607954174605843,0
969,3,growing_stairs_2,1.257918809289499,1.8486860926711406,0
970,4,growing_stairs_2,0.7700281340789424,2.721590834921168,0
971,5,growing_stairs_2,0.2821374588683859,3.594495577171196,0
972,6,growing_stairs_2,1.1550422011184138,4.0823862523817525,0
973,7,growing_stairs_2,2.0279469433684416,4.570276927592309,0
974,8,growing_stairs_2,2.900851685618469,5.0581676028028655,0
975,9,growing_stairs_2,2.412961010407913,5.931072345052894,0
976,10,growing_stairs_2,1.9250703351973566,6.803977087302922,0
977,11,growing_stairs_2,1.4371796599868003,7.676881829552951,0
978,12,growing_stairs_2,2.310084402236828,8.164772504763507,0
979,13,growing_stairs_2,3.182989144486856,8.652663179974063,0
980,14,growing_stairs_2,4.055893886736884,9.14055385518462,0
981,15,growing_stairs_2,4.928798628986911,9.628444530395177,0
982,16,growing_stairs_2,4.440907953776355,10.501349272645205,0
983,17,growing_stairs_2,3.953017278565798,11.374254014895232,0
984,18,growing_stairs_2,3.4651266033552415,12.24715875714526,0
985,19,growing_stairs_2,2.9772359281446845,13.120063499395286,0
986,20,growing_stairs_2,3.8501406703947123,13.607954174605842,0
987,0,alternating_diff_1,0.0,0.0,0
988,1,alternating_diff_1,0.0,1.0,0
989,2,alternating_diff_1,1.0,1.0,0
990,3,alternating_diff_1,1.0,0.0,0
991,4,alternating_diff_1,2.0,0.0,0
992,5,alternating_diff_1,2.0,1.0,0
993,6,alternating_diff_1,3.0,1.0,0
994,7,alternating_diff_1,3.0,0.0,0
995,8,alternating_diff_1,4.0,0.0,0
996,9,alternating_diff_1,4.0,1.0,0
997,10,alternating_diff_1,5.0,1.0,0
998,11,alternating_diff_1,5.0,0.0,0
999,12,alternating_diff_1,6.0,0.0,0
1000,13,alternating_diff_1,6.0,1.0,0
1001,14,alternating_diff_1,7.0,1.0,0
1002,15,alternating_diff_1,7.0,0.0,0
1003,16,alternating_diff_1,8.0,0.0,0
1004,17,alternating_diff_1,8.0,1.0,0
1005,18,alternating_diff_1,9.0,1.0,0
1006,19,alternating_diff_1,9.0,0.0,0
1007,20,alternating_diff_1,10.0,0.0,0
1008,0,alternating_diff_2,0.0,0.0,0
1009,1,alternating_diff_2,1.0,0.0,0
1010,2,alternating_diff_2,2.0,0.0,0
1011,3,alternating_diff_2,3.0,-2.0,0
1012,4,alternating_diff_2,4.0,0.0,0
1013,5,alternating_diff_2,5.0,0.0,0
1014,6,alternating_diff_2,6.0,0.0,0
1015,7,alternating_diff_2,7.0,-2.0,0
1016,8,alternating_diff_2,8.0,0.0,0
1017,9,alternating_diff_2,9.0,0.0,0
1018,10,alternating_diff_2,10.0,0.0,0
1019,11,alternating_diff_2,11.0,-2.0,0
1020,12,alternating_diff_2,12.0,0.0,0
1021,13,alternating_diff_2,13.0,0.0,0
1022,14,alternating_diff_2,14.0,0.0,0
1023,15,alternating_diff_2,15.0,-2.0,0
1024,16,alternating_diff_2,16.0,0.0,0
1025,17,alternating_diff_2,17.0,0.0,0
1026,18,alternating_diff_2,18.0,0.0,0
1027,19,alternating_diff_2,19.0,-2.0,0
1028,20,alternating_diff_2,20.0,0.0,0
1029,0,alternating_diff_3,0.0,0.0,0
1030,1,alternating_diff_3,1.0,1.0,0
1031,2,alternating_diff_3,1.0,2.0,0
1032,3,alternating_diff_3,2.0,3.0,0
1033,4,alternating_diff_3,2.0,0.0,0
1034,5,alternating_diff_3,3.0,1.0,0
1035,6,alternating_diff_3,3.0,2.0,0
1036,7,alternating_diff_3,4.0,3.0,0
1037,8,alternating_diff_3,4.0,0.0,0
1038,9,alternating_diff_3,5.0,1.0,0
1039,10,alternating_diff_3,5.0,2.0,0
1040,11,alternating_diff_3,6.0,3.0,0
1041,12,alternating_diff_3,6.0,0.0,0
1042,13,alternating_diff_3,7.0,1.0,0
1043,14,alternating_diff_3,7.0,2.0,0
1044,15,alternating_diff_3,8.0,3.0,0
1045,16,alternating_diff_3,8.0,0.0,0
1046,17,alternating_diff_3,9.0,1.0,0
1047,18,alternating_diff_3,9.0,2.0,0
1048,19,alternating_diff_3,10.0,3.0,0
1049,20,alternating_diff_3,10.0,0.0,0
