"seq_id","tpt","true_x","true_y","in_kids"
"sine",0,0,0,TRUE
"sine_line",0,0,0,FALSE
"line",0,0,0,FALSE
"spiral_inward",0,1,1,FALSE
"spiral_outward",0,1,1,TRUE
"triangle_1",0,0,0,TRUE
"triangle_2",0,0,0,FALSE
"square_1",0,0,0,FALSE
"square_2",0,0,0,TRUE
"hexagon",0,0,0,TRUE
"octagon",0,0,0,FALSE
"star_octagon",0,0,0,FALSE
"star_hexagon",0,0,0,FALSE
"star_pentagon",0,0,0,FALSE
"increasing_sine",0,0,0,FALSE
"radial_1",0,0,0,TRUE
"radial_2",0,0,0,FALSE
"plus",0,0,0,TRUE
"radial_increasing",0,0,0,FALSE
"spiky_circle_1",0,5,0,FALSE
"spiky_circle_2",0,5,0,FALSE
"oval",0,5,0,FALSE
"zigzag_widening",0,0,0,TRUE
"zigzag_increasing",0,0,0,FALSE
"zigzag_increasing_widening",0,0,0,FALSE
"quadratic",0,-10,7.5,FALSE
"cubic",0,-10,5,FALSE
"gold_star",0,0,0,FALSE
"2_pts",0,0,0,FALSE
"3_pts",0,0,0,TRUE
"square_spiral",0,0,0,TRUE
"hexagon_spiral",0,0,0,FALSE
"star_spiral",0,0,0,FALSE
"triangle_spiral",0,0,0,FALSE
"f_curly_1",0,1,0,FALSE
"f_curly_2",0,1,0,TRUE
"hourglass_1",0,0,0,TRUE
"hourglass_2",0,0,0,FALSE
"3_lines_of_3",0,0,0,FALSE
"increasing_lines",0,0,0,TRUE
"zigzag_1",0,0,0,TRUE
"zigzag_2",0,0,0,TRUE
"zigzag_3",0,0,0,TRUE
"stairs",0,0,0,TRUE
"stairs_2",0,0,0,TRUE
"growing_stairs_1",0,0,0,FALSE
"growing_stairs_2",0,0,0,FALSE
"alternating_diff_1",0,0,0,TRUE
"alternating_diff_2",0,0,0,TRUE
"alternating_diff_3",0,0,0,FALSE
"sine",1,1,2.52441295442369,TRUE
"sine_line",1,1,3.52441295442369,FALSE
"line",1,1,1,FALSE
"spiral_inward",1,5,1,FALSE
"spiral_outward",1,1.75,1,TRUE
"triangle_1",1,1,0,TRUE
"triangle_2",1,1,0,FALSE
"square_1",1,1,0,FALSE
"square_2",1,1,0,TRUE
"hexagon",1,1,0,TRUE
"octagon",1,1,0,FALSE
"star_octagon",1,1,0,FALSE
"star_hexagon",1,1,0,FALSE
"star_pentagon",1,1,0,FALSE
"increasing_sine",1,1,0.285068130811065,FALSE
"radial_1",1,0.949595443096897,-0.313478060555453,TRUE
"radial_2",1,-0.0321786730506267,-0.999482132406928,FALSE
"plus",1,0.0355709503422215,-0.999367153498528,TRUE
"radial_increasing",1,0.841684571818636,-0.539969519104995,FALSE
"spiky_circle_1",1,6.17305212871961,0.977715406501443,FALSE
"spiky_circle_2",1,3.70383127723177,0.586629243900866,FALSE
"oval",1,4.82962913144534,0.647047612756302,FALSE
"zigzag_widening",1,-2.44315781172409,1.13180382885532,TRUE
"zigzag_increasing",1,0.520936587938181,-1.31477187045789,FALSE
"zigzag_increasing_widening",1,-2.8539148434169,-1.36204627914205,FALSE
"quadratic",1,-9,6.075,FALSE
"cubic",1,-9,3.645,FALSE
"gold_star",1,-0.898898181586663,0.438157573414166,FALSE
"2_pts",1,1,0,FALSE
"3_pts",1,1,0,TRUE
"square_spiral",1,6.12323399573677e-17,1,TRUE
"hexagon_spiral",1,0.38268343236509,0.923879532511287,FALSE
"star_spiral",1,-2.12132034355964,2.12132034355964,FALSE
"triangle_spiral",1,-1,1.73205080756888,FALSE
"f_curly_1",1,0.981688868873821,0.581638760023334,FALSE
"f_curly_2",1,0.0653223623952687,0.698984619355586,TRUE
"hourglass_1",1,1,0,TRUE
"hourglass_2",1,1,0,FALSE
"3_lines_of_3",1,1,0,FALSE
"increasing_lines",1,0,1,TRUE
"zigzag_1",1,-0.459088015321693,-0.888390789117035,TRUE
"zigzag_2",1,-0.172095102735381,0.985080339675145,TRUE
"zigzag_3",1,-0.993325447527948,-0.115345373957524,TRUE
"stairs",1,-0.483688648008949,1.94063012750686,TRUE
"stairs_2",1,0.998106520400169,-0.0615091370014878,TRUE
"growing_stairs_1",1,-0.696584864442979,-0.717474408344267,FALSE
"growing_stairs_2",1,-0.487890675210556,0.872904742250028,FALSE
"alternating_diff_1",1,0,1,TRUE
"alternating_diff_2",1,1,0,TRUE
"alternating_diff_3",1,1,1,FALSE
"sine",2,2,2.72789228047704,TRUE
"sine_line",2,2,4.72789228047704,FALSE
"line",2,2,2,FALSE
"spiral_inward",2,8.13494085320292,3.27766785263333,FALSE
"spiral_outward",2,2.45788987007808,1.51431209575591,TRUE
"triangle_1",2,0.5,0.866025403784439,TRUE
"triangle_2",2,2,0,FALSE
"square_1",2,1,1,FALSE
"square_2",2,2,0,TRUE
"hexagon",2,1.5,0.866025403784439,TRUE
"octagon",2,1.70710678118655,0.707106781186547,FALSE
"star_octagon",2,0.292893218813453,0.707106781186548,FALSE
"star_hexagon",2,0.777479066043686,0.974927912181824,FALSE
"star_pentagon",2,0.190983005625053,0.587785252292473,FALSE
"increasing_sine",2,2,0.841470984807897,FALSE
"radial_1",2,0,0,TRUE
"radial_2",2,-0.0643573461012534,-1.99896426481386,FALSE
"plus",2,0.071141900684443,-1.99873430699706,TRUE
"radial_increasing",2,0,0,FALSE
"spiky_circle_1",2,4.75528258147577,1.54508497187474,FALSE
"spiky_circle_2",2,3.56646193610683,1.15881372890605,FALSE
"oval",2,4.33012701892219,1.25,FALSE
"zigzag_widening",2,-1.11135026448239,-1.73634690935738,TRUE
"zigzag_increasing",2,1.04187317587636,-2.62954374091577,FALSE
"zigzag_increasing_widening",2,-5.7078296868338,-2.7240925582841,FALSE
"quadratic",2,-8,4.8,FALSE
"cubic",2,-8,2.56,FALSE
"gold_star",2,-1.22469098999345,1.38359876459975,FALSE
"2_pts",2,0,0,FALSE
"3_pts",2,2,0,TRUE
"square_spiral",2,-1,1,TRUE
"hexagon_spiral",2,-0.324423348821458,1.63098631369783,FALSE
"star_spiral",2,-4.24264068711928,4.24264068711929,FALSE
"triangle_spiral",2,-2,3.46410161513775,FALSE
"f_curly_1",2,0.570737201667703,0.797494986604054,FALSE
"f_curly_2",2,-1.30114361554693,0.0984721441039566,TRUE
"hourglass_1",2,0,1,TRUE
"hourglass_2",2,2,0,FALSE
"3_lines_of_3",2,2,0,FALSE
"increasing_lines",2,1,1,TRUE
"zigzag_1",2,-0.918176030643386,-1.77678157823407,TRUE
"zigzag_2",2,-0.344190205470762,1.97016067935029,TRUE
"zigzag_3",2,-1.9866508950559,-0.230690747915048,TRUE
"stairs",2,-2.4616967350034,2.23640708364876,TRUE
"stairs_2",2,1.99621304080034,-0.123018274002975,TRUE
"growing_stairs_1",2,0.37962674807342,-1.76235170500874,FALSE
"growing_stairs_2",2,0.385014067039471,1.36079541746058,FALSE
"alternating_diff_1",2,1,1,TRUE
"alternating_diff_2",2,2,0,TRUE
"alternating_diff_3",2,1,2,FALSE
"sine",3,3,0.423360024179602,TRUE
"sine_line",3,3,3.4233600241796,FALSE
"line",3,3,3,FALSE
"spiral_inward",3,9.29375458210897,6.84412978874016,FALSE
"spiral_outward",3,2.76690686445303,2.46536861205107,TRUE
"triangle_1",3,-2.22044604925031e-16,3.33066907387547e-16,TRUE
"triangle_2",3,3,0,FALSE
"square_1",3,0,1,FALSE
"square_2",3,3,0,TRUE
"hexagon",3,1,1.73205080756888,TRUE
"octagon",3,1.70710678118655,1.70710678118655,FALSE
"star_octagon",3,0.292893218813452,-0.292893218813452,FALSE
"star_hexagon",3,-0.123489801858733,0.541044173064266,FALSE
"star_pentagon",3,0.5,-0.36327126400268,FALSE
"increasing_sine",3,3,1.3520077027293,FALSE
"radial_1",3,0.979112807317579,0.20331775757835,TRUE
"radial_2",3,0,0,FALSE
"plus",3,0,0,TRUE
"radial_increasing",3,0.998323242521852,0.0578852609966899,FALSE
"spiky_circle_1",3,5.5687907761773,2.83744062337217,FALSE
"spiky_circle_2",3,4.45503262094184,2.26995249869773,FALSE
"oval",3,3.53553390593274,1.76776695296637,FALSE
"zigzag_widening",3,-4.24086541420026,0.12272138623758,TRUE
"zigzag_increasing",3,2.35664504633425,-2.10860715297759,FALSE
"zigzag_increasing_widening",3,-1.61509096367577,-3.22358204161967,FALSE
"quadratic",3,-7,3.675,FALSE
"cubic",3,-7,1.715,FALSE
"gold_star",3,-2.17013218117904,1.05780595619296,FALSE
"2_pts",3,1,0,FALSE
"3_pts",3,0,0,TRUE
"square_spiral",3,-2,1,TRUE
"hexagon_spiral",3,-1.03153013000801,2.33809309488438,FALSE
"star_spiral",3,-4.24264068711929,-0.757359312880714,FALSE
"triangle_spiral",3,-3.5,0.86602540378444,FALSE
"f_curly_1",3,0.121826377277261,0.478073196887921,FALSE
"f_curly_2",3,-1.57055935733956,-1.32156131874234,TRUE
"hourglass_1",3,1,1,TRUE
"hourglass_2",3,0,1,FALSE
"3_lines_of_3",3,0,1,FALSE
"increasing_lines",3,0,2,TRUE
"zigzag_1",3,-1.22173893317627,-0.823970178110304,TRUE
"zigzag_2",3,-0.516285308206144,2.95524101902543,TRUE
"zigzag_3",3,-2.97997634258385,-0.346036121872572,TRUE
"stairs",3,-2.94538538301234,4.17703721115561,TRUE
"stairs_2",3,2.11923131480331,1.87319476679736,TRUE
"growing_stairs_1",3,-0.316958116369559,-2.479826113353,FALSE
"growing_stairs_2",3,1.2579188092895,1.84868609267114,FALSE
"alternating_diff_1",3,1,0,TRUE
"alternating_diff_2",3,3,-2,TRUE
"alternating_diff_3",3,2,3,FALSE
"sine",4,4,-2.27040748592378,TRUE
"sine_line",4,4,1.72959251407622,FALSE
"line",4,4,4,FALSE
"spiral_inward",4,8.17356797749979,10.2917096603101,FALSE
"spiral_outward",4,2.41926274578121,3.53530719288312,TRUE
"triangle_1",4,1,8.81375475580763e-17,TRUE
"triangle_2",4,2.5,0.866025403784439,FALSE
"square_1",4,-1.83697019872103e-16,2.22044604925031e-16,FALSE
"square_2",4,3,1,TRUE
"hexagon",4,2.22044604925031e-16,1.73205080756888,TRUE
"octagon",4,1,2.4142135623731,FALSE
"star_octagon",4,1,0.414213562373095,FALSE
"star_hexagon",4,0.5,-0.240787309403764,FALSE
"star_pentagon",4,0.809016994374948,0.587785252292473,FALSE
"increasing_sine",4,4,1.52924989323429,FALSE
"radial_1",4,0,0,TRUE
"radial_2",4,0.471873517881548,-0.881666253818355,FALSE
"plus",4,0.999367153498528,0.0355709503422214,TRUE
"radial_increasing",4,1.9966464850437,0.11577052199338,FALSE
"spiky_circle_1",4,4.04508497187474,2.93892626146237,FALSE
"spiky_circle_2",4,3.03381372890605,2.20419469609677,FALSE
"oval",4,2.5,2.1650635094611,FALSE
"zigzag_widening",4,-2.22270052896478,-3.47269381871476,TRUE
"zigzag_increasing",4,3.67141691679213,-1.58767056503941,FALSE
"zigzag_increasing_widening",4,2.47764775948225,-3.72307152495525,FALSE
"quadratic",4,-6,2.7,FALSE
"cubic",4,-6,1.08,FALSE
"gold_star",4,-3.0690303627657,1.49596352960713,FALSE
"2_pts",4,0,0,FALSE
"3_pts",4,1,0,TRUE
"square_spiral",4,-2,4.44089209850063e-16,TRUE
"hexagon_spiral",4,-1.95540966251929,1.95540966251929,FALSE
"star_spiral",4,-4.24264068711929,-5.75735931288071,FALSE
"triangle_spiral",4,-5,-1.73205080756888,FALSE
"f_curly_1",4,0.0100075033995546,-0.258879991940133,FALSE
"f_curly_2",4,-0.716337814536774,-1.95892427466314,TRUE
"hourglass_1",4,0,0,TRUE
"hourglass_2",4,1,1,FALSE
"3_lines_of_3",4,1,1,FALSE
"increasing_lines",4,1,2,TRUE
"zigzag_1",4,-1.52530183570915,0.128841222013462,TRUE
"zigzag_2",4,-1.0911526822508,2.13699441667441,TRUE
"zigzag_3",4,-3.97330179011179,-0.461381495830096,TRUE
"stairs",4,-4.92339347000679,4.47281416729751,TRUE
"stairs_2",4,3.11733783520348,1.81168562979587,TRUE
"growing_stairs_1",4,-1.01354298081254,-3.19730052169727,FALSE
"growing_stairs_2",4,0.770028134078942,2.72159083492117,FALSE
"alternating_diff_1",4,2,0,TRUE
"alternating_diff_2",4,4,0,TRUE
"alternating_diff_3",4,2,0,FALSE
"sine",5,5,-2.87677282398942,TRUE
"sine_line",5,5,2.12322717601058,FALSE
"line",5,5,5,FALSE
"spiral_inward",5,5.34200849718747,12.3489580433337,FALSE
"spiral_outward",5,1.40799150281253,4.27003875824871,TRUE
"triangle_1",5,0.500000000000001,0.866025403784439,TRUE
"triangle_2",5,2,1.73205080756888,FALSE
"square_1",5,1,-2.28847549044393e-17,FALSE
"square_2",5,3,2,TRUE
"hexagon",5,-0.5,0.866025403784439,TRUE
"octagon",5,0,2.4142135623731,FALSE
"star_octagon",5,0,0.414213562373095,FALSE
"star_hexagon",5,1.12348980185873,0.541044173064265,FALSE
"star_pentagon",5,0,3.33066907387547e-16,FALSE
"increasing_sine",5,5,1.18986844547083,FALSE
"radial_1",5,0.746277685518547,0.665634746762127,TRUE
"radial_2",5,0.943747035763095,-1.76333250763671,FALSE
"plus",5,1.99873430699706,0.0711419006844429,TRUE
"radial_increasing",5,0,0,FALSE
"spiky_circle_1",5,4.41941738241592,4.41941738241592,FALSE
"spiky_circle_2",5,2.65165042944955,2.65165042944955,FALSE
"oval",5,1.2940952255126,2.41481456572267,FALSE
"zigzag_widening",5,-6.03857301667643,-0.886361056380159,TRUE
"zigzag_increasing",5,4.98618878725002,-1.06673397710123,FALSE
"zigzag_increasing_widening",5,6.57038648264027,-4.22256100829082,FALSE
"quadratic",5,-5,1.875,FALSE
"cubic",5,-5,0.625,FALSE
"gold_star",5,-3.50718793617986,0.597065348020466,FALSE
"2_pts",5,1,0,FALSE
"3_pts",5,2,0,TRUE
"square_spiral",5,-2,-1,TRUE
"hexagon_spiral",5,-2.87928919503058,1.5727262301542,FALSE
"star_spiral",5,0.707106781186547,-0.807611844574883,FALSE
"triangle_spiral",5,-1,-1.73205080756888,FALSE
"f_curly_1",5,0.429440642660439,-1.07156131874234,FALSE
"f_curly_2",5,-0.250550581775501,-1.28317921654756,TRUE
"hourglass_1",5,1,0,TRUE
"hourglass_2",5,2,1,FALSE
"3_lines_of_3",5,2,1,FALSE
"increasing_lines",5,2,2,TRUE
"zigzag_1",5,-1.98438985103084,-0.759549567103573,TRUE
"zigzag_2",5,-1.66602005629546,1.31874781432338,TRUE
"zigzag_3",5,-4.08864716406932,0.531943951697852,TRUE
"stairs",5,-5.40708211801574,6.41344429480437,TRUE
"stairs_2",5,4.11544435560365,1.75017649279439,TRUE
"growing_stairs_1",5,0.0626686317038613,-4.24217781836174,FALSE
"growing_stairs_2",5,0.282137458868386,3.5944955771712,FALSE
"alternating_diff_1",5,2,1,TRUE
"alternating_diff_2",5,5,0,TRUE
"alternating_diff_3",5,3,1,FALSE
"sine",6,6,-0.838246494596778,TRUE
"sine_line",6,6,5.16175350540322,FALSE
"line",6,6,6,FALSE
"spiral_inward",6,1.96700849718747,12.3489580433337,FALSE
"spiral_outward",6,0.0329915028125267,4.27003875824871,TRUE
"triangle_1",6,-7.7715611723761e-16,1.4432899320127e-15,TRUE
"triangle_2",6,1.5,2.59807621135332,FALSE
"square_1",6,1,1,FALSE
"square_2",6,3,3,TRUE
"hexagon",6,-8.88178419700125e-16,0,TRUE
"octagon",6,-0.707106781186548,1.70710678118655,FALSE
"star_octagon",6,0.707106781186547,-0.292893218813453,FALSE
"star_hexagon",6,0.222520933956315,0.974927912181824,FALSE
"star_pentagon",6,1,-1.56791812271394e-16,FALSE
"increasing_sine",6,6,0.321684054249982,FALSE
"radial_1",6,0,0,TRUE
"radial_2",6,0,0,FALSE
"plus",6,0,0,TRUE
"radial_increasing",6,0.773636366340726,0.633629838845298,FALSE
"spiky_circle_1",6,2.93892626146237,4.04508497187474,FALSE
"spiky_circle_2",6,2.93892626146237,4.04508497187474,FALSE
"oval",6,3.06161699786838e-16,2.5,FALSE
"zigzag_widening",6,-3.33405079344717,-5.20904072807214,TRUE
"zigzag_increasing",6,5.5071253751882,-2.38150584755911,FALSE
"zigzag_increasing_widening",6,1.73171347734483,-5.83105208623472,FALSE
"quadratic",6,-4,1.2,FALSE
"cubic",6,-4,0.32,FALSE
"gold_star",6,-4.45262912736545,0.271272539613678,FALSE
"2_pts",6,0,0,FALSE
"3_pts",6,0,0,TRUE
"square_spiral",6,-1,-1,TRUE
"hexagon_spiral",6,-2.87928919503058,0.572726230154203,FALSE
"star_spiral",6,5.65685424949238,4.14213562373095,FALSE
"triangle_spiral",6,3,-1.73205080756888,FALSE
"f_curly_1",6,1.28920420056922,-1.5775301176651,FALSE
"f_curly_2",6,-1.15336468216497,-0.562000023225261,TRUE
"hourglass_1",6,0,1,TRUE
"hourglass_2",6,0,0,FALSE
"3_lines_of_3",6,0,2,FALSE
"increasing_lines",6,0,3,TRUE
"zigzag_1",6,-2.44347786635253,-1.64794035622061,TRUE
"zigzag_2",6,-2.24088743034012,0.500501211972356,TRUE
"zigzag_3",6,-4.20399253802684,1.5252693992258,TRUE
"stairs",6,-7.38509020501019,6.70922125094627,TRUE
"stairs_2",6,4.23846262960663,3.74638953359472,TRUE
"growing_stairs_1",6,-0.633916232739118,-4.95965222670601,FALSE
"growing_stairs_2",6,1.15504220111841,4.08238625238175,FALSE
"alternating_diff_1",6,3,1,TRUE
"alternating_diff_2",6,6,0,TRUE
"alternating_diff_3",6,3,2,FALSE
"sine",7,7,1.97095979615637,TRUE
"sine_line",7,7,8.97095979615637,FALSE
"line",7,7,7,FALSE
"spiral_inward",7,-0.662296734531105,10.4386559733832,FALSE
"spiral_outward",7,-1.18053398874989,3.38836087981,TRUE
"triangle_1",7,0.999999999999999,-8.22925627046488e-16,TRUE
"triangle_2",7,1,1.73205080756888,FALSE
"square_1",7,0,1,FALSE
"square_2",7,2,3,TRUE
"hexagon",7,0.999999999999999,-1.1331077795296e-15,TRUE
"octagon",7,-0.707106781186548,0.707106781186547,FALSE
"star_octagon",7,0.707106781186549,0.707106781186547,FALSE
"star_hexagon",7,-1.38777878078145e-16,2.22044604925031e-16,FALSE
"star_pentagon",7,0.190983005625053,0.587785252292473,FALSE
"increasing_sine",7,7,-0.897614486801929,FALSE
"radial_1",7,0.313478060555453,0.949595443096897,TRUE
"radial_2",7,0.849487580767729,-0.527608614525381,FALSE
"plus",7,-0.0355709503422214,0.999367153498528,TRUE
"radial_increasing",7,1.54727273268145,1.2672596776906,FALSE
"spiky_circle_1",7,2.83744062337217,5.5687907761773,FALSE
"spiky_circle_2",7,1.7024643740233,3.34127446570638,FALSE
"oval",7,-1.2940952255126,2.41481456572267,FALSE
"zigzag_widening",7,-7.8362806191526,-1.8954434989979,TRUE
"zigzag_increasing",7,6.02806196312638,-3.696277718017,FALSE
"zigzag_increasing_widening",7,-3.10695952795062,-7.43954316417862,FALSE
"quadratic",7,-3,0.675,FALSE
"cubic",7,-3,0.135,FALSE
"gold_star",7,-4.12683631895866,-0.674168651571907,FALSE
"2_pts",7,1,0,FALSE
"3_pts",7,1,0,TRUE
"square_spiral",7,0,-1,TRUE
"hexagon_spiral",7,-2.87928919503058,-0.427273769845797,FALSE
"star_spiral",7,-3.34314575050762,4.14213562373095,FALSE
"triangle_spiral",7,0.500000000000002,2.59807621135332,FALSE
"f_curly_1",7,2.26208547724184,-1.55893449342659,FALSE
"f_curly_2",7,-2.53084568360575,-1.12527604624581,TRUE
"hourglass_1",7,1,1,TRUE
"hourglass_2",7,1,0,FALSE
"3_lines_of_3",7,1,2,FALSE
"increasing_lines",7,1,3,TRUE
"zigzag_1",7,-2.74704076888542,-0.695128956096842,TRUE
"zigzag_2",7,-2.4129825330755,1.4855815516475,TRUE
"zigzag_3",7,-4.31933791198437,2.51859484675375,TRUE
"stairs",7,-7.86877885301914,8.64985137845313,TRUE
"stairs_2",7,5.2365691500068,3.68488039659324,TRUE
"growing_stairs_1",7,-1.3305010971821,-5.67712663505027,FALSE
"growing_stairs_2",7,2.02794694336844,4.57027692759231,FALSE
"alternating_diff_1",7,3,0,TRUE
"alternating_diff_2",7,7,-2,TRUE
"alternating_diff_3",7,4,3,FALSE
"sine",8,8,2.96807473987015,TRUE
"sine_line",8,8,10.9680747398701,FALSE
"line",8,8,8,FALSE
"spiral_inward",8,-1.62797484195282,7.46660435996085,FALSE
"spiral_outward",8,-1.68268660460918,1.84289404083037,TRUE
"triangle_1",8,0.500000000000002,0.866025403784439,TRUE
"triangle_2",8,0.499999999999999,0.866025403784439,FALSE
"square_1",8,-4.28626379701574e-16,4.44089209850063e-16,FALSE
"square_2",8,1,3,TRUE
"hexagon",8,1.5,0.866025403784437,TRUE
"octagon",8,-5.55111512312578e-16,-2.22044604925031e-16,FALSE
"star_octagon",8,-9.99200722162641e-16,1.55431223447522e-15,FALSE
"star_hexagon",8,1,-2.6781411473391e-16,FALSE
"star_pentagon",8,0.5,-0.36327126400268,FALSE
"increasing_sine",8,8,-2.14056070580455,FALSE
"radial_1",8,0,0,TRUE
"radial_2",8,1.69897516153546,-1.05521722905076,FALSE
"plus",8,-0.0711419006844428,1.99873430699706,TRUE
"radial_increasing",8,2.32090909902218,1.90088951653589,FALSE
"spiky_circle_1",8,1.54508497187474,4.75528258147577,FALSE
"spiky_circle_2",8,1.15881372890605,3.56646193610683,FALSE
"oval",8,-2.5,2.1650635094611,FALSE
"zigzag_widening",8,-4.44540105792956,-6.94538763742952,TRUE
"zigzag_increasing",8,6.54899855106456,-5.01104958847488,FALSE
"zigzag_increasing_widening",8,-7.94563253324607,-9.04803424212252,FALSE
"quadratic",8,-2,0.3,FALSE
"cubic",8,-2,0.04,FALSE
"gold_star",8,-4.56499389237283,-1.57306683315857,FALSE
"2_pts",8,0,0,FALSE
"3_pts",8,2,0,TRUE
"square_spiral",8,1,-1,TRUE
"hexagon_spiral",8,-2.87928919503058,-1.4272737698458,FALSE
"star_spiral",8,-12.3431457505076,4.14213562373096,FALSE
"triangle_spiral",8,-1.99999999999999,6.92820323027551,FALSE
"f_curly_1",8,2.96017028665037,-1.07941549819893,FALSE
"f_curly_2",8,-2.83907152907645,-2.54402111088937,TRUE
"hourglass_1",8,0,0,TRUE
"hourglass_2",8,2,0,FALSE
"3_lines_of_3",8,2,2,FALSE
"increasing_lines",8,2,3,TRUE
"zigzag_1",8,-3.0506036714183,0.257682444026925,TRUE
"zigzag_2",8,-2.58507763581088,2.47066189132264,TRUE
"zigzag_3",8,-4.43468328594189,3.5119202942817,TRUE
"stairs",8,-9.84678694001358,8.94562833459503,TRUE
"stairs_2",8,6.23467567040696,3.62337125959175,TRUE
"growing_stairs_1",8,-2.02708596162508,-6.39460104339454,FALSE
"growing_stairs_2",8,2.90085168561847,5.05816760280287,FALSE
"alternating_diff_1",8,4,0,TRUE
"alternating_diff_2",8,8,0,TRUE
"alternating_diff_3",8,4,0,FALSE
"sine",9,9,1.23635545572527,TRUE
"sine_line",9,9,10.2363554557253,FALSE
"line",9,9,9,FALSE
"spiral_inward",9,-0.700923858827975,4.61343481107539,FALSE
"spiral_outward",9,-1.14190686445303,0.178545137313854,TRUE
"triangle_1",9,2.22044604925031e-16,1.66533453693773e-15,TRUE
"triangle_2",9,-1.11022302462516e-15,8.88178419700125e-16,FALSE
"square_1",9,1,-4.57695098088787e-17,FALSE
"square_2",9,0,3,TRUE
"hexagon",9,1,1.73205080756888,TRUE
"octagon",9,1,-4.66973964754502e-16,FALSE
"star_octagon",9,0.999999999999999,-2.73318952381369e-15,FALSE
"star_hexagon",9,0.777479066043686,0.974927912181824,FALSE
"star_pentagon",9,0.809016994374948,0.587785252292473,FALSE
"increasing_sine",9,9,-3.02022662781934,FALSE
"radial_1",9,-0.20331775757835,0.979112807317579,TRUE
"radial_2",9,0,0,FALSE
"plus",9,0,0,TRUE
"radial_increasing",9,0,0,FALSE
"spiky_circle_1",9,0.977715406501445,6.17305212871961,FALSE
"spiky_circle_2",9,0.782172325201156,4.93844170297569,FALSE
"oval",9,-3.53553390593274,1.76776695296637,FALSE
"zigzag_widening",9,-9.63398822162877,-2.90452594161564,TRUE
"zigzag_increasing",9,7.06993513900274,-6.32582145893277,FALSE
"zigzag_increasing_widening",9,-12.7843055385415,-10.6565253200664,FALSE
"quadratic",9,-1,0.075,FALSE
"cubic",9,-1,0.005,FALSE
"gold_star",9,-3.66609571078616,-2.01122440657274,FALSE
"2_pts",9,1,0,FALSE
"3_pts",9,0,0,TRUE
"square_spiral",9,1,-2.22044604925031e-16,TRUE
"hexagon_spiral",9,-1.95540966251929,-1.80995720221089,FALSE
"star_spiral",9,-4.56497115745561,-3.63603896932108,FALSE
"triangle_spiral",9,-5,1.73205080756889,FALSE
"f_curly_1",9,3.14300634468908,-0.449955926219382,FALSE
"f_curly_2",9,-1.99831034992825,-3.21780799751126,TRUE
"hourglass_1",9,1,0,TRUE
"hourglass_2",9,0,1,FALSE
"3_lines_of_3",9,0,0,FALSE
"increasing_lines",9,3,3,TRUE
"zigzag_1",9,-3.50969168673999,-0.63070834509011,TRUE
"zigzag_2",9,-2.75717273854626,3.45574223099779,TRUE
"zigzag_3",9,-5.42800873346984,3.39657492032417,TRUE
"stairs",9,-10.3304755880225,10.8862584621019,TRUE
"stairs_2",9,6.35769394440994,5.61958430039209,TRUE
"growing_stairs_1",9,-0.950874349108677,-7.43947834005901,FALSE
"growing_stairs_2",9,2.41296101040791,5.93107234505289,FALSE
"alternating_diff_1",9,4,1,TRUE
"alternating_diff_2",9,9,0,TRUE
"alternating_diff_3",9,5,1,FALSE
"sine",10,10,-1.63206333266811,TRUE
"sine_line",10,10,8.36793666733189,FALSE
"line",10,10,10,FALSE
"spiral_inward",10,1.625,2.92355221073453,FALSE
"spiral_outward",10,0.375,-0.923552210734534,TRUE
"triangle_1",10,1,9.30546457449323e-16,TRUE
"triangle_2",10,0.999999999999999,6.43249059870655e-16,FALSE
"square_1",10,1,1,FALSE
"square_2",10,-1.83697019872103e-16,2,TRUE
"hexagon",10,1.33226762955019e-15,1.73205080756888,TRUE
"octagon",10,1.70710678118655,0.707106781186547,FALSE
"star_octagon",10,0.292893218813455,0.707106781186548,FALSE
"star_hexagon",10,-0.123489801858733,0.541044173064266,FALSE
"star_pentagon",10,0,5.55111512312578e-16,FALSE
"increasing_sine",10,10,-3.20635655943761,FALSE
"radial_1",10,0,0,TRUE
"radial_2",10,0.999482132406928,-0.032178673050627,FALSE
"plus",10,-0.999367153498528,-0.0355709503422213,TRUE
"radial_increasing",10,0.253446693150407,0.967349354541121,FALSE
"spiky_circle_1",10,1.416384724412e-15,5,FALSE
"spiky_circle_2",10,1.062288543309e-15,3.75,FALSE
"oval",10,-4.33012701892219,1.25,FALSE
"zigzag_widening",10,-5.55675132241195,-8.6817345467869,TRUE
"zigzag_increasing",10,8.38470700946063,-5.80488487099458,FALSE
"zigzag_increasing_widening",10,-6.70680865350494,-10.9095700046001,FALSE
"quadratic",10,0,0,FALSE
"cubic",10,0,0,FALSE
"gold_star",10,-3.34030290237938,-2.95666559775832,FALSE
"2_pts",10,0,0,FALSE
"3_pts",10,1,0,TRUE
"square_spiral",10,1,1,TRUE
"hexagon_spiral",10,-1.03153013000801,-2.19264063457598,FALSE
"star_spiral",10,3.2132034355964,-11.4142135623731,FALSE
"triangle_spiral",10,-8.00000000000001,-3.46410161513774,FALSE
"f_curly_1",10,2.84663531783503,-0.0620000232252611,FALSE
"f_curly_2",10,-1.50220172082142,-2.5663218973512,TRUE
"hourglass_1",10,0,1,TRUE
"hourglass_2",10,1,1,FALSE
"3_lines_of_3",10,1,0,FALSE
"increasing_lines",10,0,4,TRUE
"zigzag_1",10,-3.96877970206168,-1.51909913420715,TRUE
"zigzag_2",10,-3.33204011259092,2.63749562864676,TRUE
"zigzag_3",10,-6.42133418099779,3.28122954636665,TRUE
"stairs",10,-12.308483675017,11.1820354182438,TRUE
"stairs_2",10,7.35580046481011,5.5580751633906,TRUE
"growing_stairs_1",10,-1.64745921355166,-8.15695274840328,FALSE
"growing_stairs_2",10,1.92507033519736,6.80397708730292,FALSE
"alternating_diff_1",10,5,1,TRUE
"alternating_diff_2",10,10,0,TRUE
"alternating_diff_3",10,5,2,FALSE
"sine",11,11,-2.99997061965211,TRUE
"sine_line",11,11,8.00002938034789,FALSE
"line",11,11,11,FALSE
"spiral_inward",11,4.375,2.92355221073453,FALSE
"spiral_outward",11,2.375,-0.923552210734534,TRUE
"triangle_1",11,0.5,0.866025403784439,TRUE
"triangle_2",11,2,3.98319700041184e-16,FALSE
"square_1",11,0,1,FALSE
"square_2",11,-3.67394039744206e-16,1,TRUE
"hexagon",11,-0.499999999999999,0.866025403784438,TRUE
"octagon",11,1.70710678118655,1.70710678118655,FALSE
"star_octagon",11,0.292893218813449,-0.292893218813452,FALSE
"star_hexagon",11,0.5,-0.240787309403764,FALSE
"star_pentagon",11,1,-4.24605927005304e-16,FALSE
"increasing_sine",11,11,-2.53392559476775,FALSE
"radial_1",11,-0.665634746762126,0.746277685518547,TRUE
"radial_2",11,1.99896426481386,-0.064357346101254,FALSE
"plus",11,-1.99873430699706,-0.0711419006844426,TRUE
"radial_increasing",11,0.506893386300814,1.93469870908224,FALSE
"spiky_circle_1",11,-0.977715406501441,6.17305212871961,FALSE
"spiky_circle_2",11,-0.586629243900865,3.70383127723177,FALSE
"oval",11,-4.82962913144534,0.647047612756303,FALSE
"zigzag_widening",11,-11.4316958241049,-3.91360838423338,TRUE
"zigzag_increasing",11,9.69947887991851,-5.2839482830564,FALSE
"zigzag_increasing_widening",11,-0.629311768468372,-11.1626146891339,FALSE
"quadratic",11,1,0.075,FALSE
"cubic",11,1,-0.005,FALSE
"gold_star",11,-2.39486171119379,-2.63087278935153,FALSE
"2_pts",11,1,0,FALSE
"3_pts",11,2,0,TRUE
"square_spiral",11,1,2,TRUE
"hexagon_spiral",11,-0.107650597496719,-2.57532406694107,FALSE
"star_spiral",11,3.21320343559641,1.58578643762689,FALSE
"triangle_spiral",11,-1.00000000000001,-3.46410161513776,FALSE
"f_curly_1",11,2.36425206254778,-0.17739578976066,FALSE
"f_curly_2",11,-2.37243342890271,-1.82401755719137,TRUE
"hourglass_1",11,1,1,TRUE
"hourglass_2",11,2,1,FALSE
"3_lines_of_3",11,2,0,FALSE
"increasing_lines",11,1,4,TRUE
"zigzag_1",11,-4.27234260459456,-0.566287734083379,TRUE
"zigzag_2",11,-3.90690748663558,1.81924902629574,TRUE
"zigzag_3",11,-7.41465962852574,3.16588417240913,TRUE
"stairs",11,-12.7921723230259,13.1226655457506,TRUE
"stairs_2",11,8.35390698521027,5.49656602638911,TRUE
"growing_stairs_1",11,-2.34404407799464,-8.87442715674754,FALSE
"growing_stairs_2",11,1.4371796599868,7.67688182955295,FALSE
"alternating_diff_1",11,5,0,TRUE
"alternating_diff_2",11,11,-2,TRUE
"alternating_diff_3",11,6,3,FALSE
"sine",12,12,-1.6097187540013,TRUE
"sine_line",12,12,10.3902812459987,FALSE
"line",12,12,12,FALSE
"spiral_inward",12,6.49866961023424,4.46648849800227,FALSE
"spiral_outward",12,4.09416111304676,0.325491450386971,TRUE
"triangle_1",12,1.16573417585641e-15,0,TRUE
"triangle_2",12,3,1.53390340211713e-16,FALSE
"square_1",12,-2.44991257893129e-15,6.66133814775094e-16,FALSE
"square_2",12,-5.51091059616309e-16,0,TRUE
"hexagon",12,2.16493489801906e-15,-6.66133814775094e-16,TRUE
"octagon",12,1,2.4142135623731,FALSE
"star_octagon",12,1,0.414213562373091,FALSE
"star_hexagon",12,1.12348980185873,0.541044173064265,FALSE
"star_pentagon",12,0.190983005625053,0.587785252292474,FALSE
"increasing_sine",12,12,-1.07118363476244,FALSE
"radial_1",12,0,0,TRUE
"radial_2",12,0,0,FALSE
"plus",12,0,0,TRUE
"radial_increasing",12,0.760340079451221,2.90204806362336,FALSE
"spiky_circle_1",12,-1.54508497187474,4.75528258147577,FALSE
"spiky_circle_2",12,-1.54508497187474,4.75528258147577,FALSE
"oval",12,-5,3.06161699786838e-16,FALSE
"zigzag_widening",12,-6.66810158689434,-10.4180814561443,TRUE
"zigzag_increasing",12,11.0142507503764,-4.76301169511822,FALSE
"zigzag_increasing_widening",12,5.4481851165682,-11.4156593736676,FALSE
"quadratic",12,2,0.3,FALSE
"cubic",12,2,-0.04,FALSE
"gold_star",12,-1.49596352960713,-3.0690303627657,FALSE
"2_pts",12,0,0,FALSE
"3_pts",12,0,0,TRUE
"square_spiral",12,6.66133814775094e-16,2,TRUE
"hexagon_spiral",12,0.599456183689828,-1.86821728575452,FALSE
"star_spiral",12,3.21320343559642,14.5857864376269,FALSE
"triangle_spiral",12,5.99999999999999,-3.46410161513777,FALSE
"f_curly_1",12,2.08886973811532,-0.787881514758244,FALSE
"f_curly_2",12,-3.75968791285882,-2.34971215984288,TRUE
"hourglass_1",12,0,0,TRUE
"hourglass_2",12,0,0,FALSE
"3_lines_of_3",12,0,1,FALSE
"increasing_lines",12,2,4,TRUE
"zigzag_1",12,-4.57590550712744,0.386523666040387,TRUE
"zigzag_2",12,-4.48177486068024,1.00100242394471,TRUE
"zigzag_3",12,-8.40798507605369,3.0505387984516,TRUE
"stairs",12,-14.7701804100204,13.4184425018925,TRUE
"stairs_2",12,8.47692525921325,7.49277906718945,TRUE
"growing_stairs_1",12,-3.04062894243761,-9.59190156509181,FALSE
"growing_stairs_2",12,2.31008440223683,8.16477250476351,FALSE
"alternating_diff_1",12,6,0,TRUE
"alternating_diff_2",12,12,0,TRUE
"alternating_diff_3",12,6,0,FALSE
"sine",13,13,1.26050111047992,TRUE
"sine_line",13,13,14.2605011104799,FALSE
"line",13,13,13,FALSE
"spiral_inward",13,7.2712120961716,6.84412978874016,FALSE
"spiral_outward",13,4.7894493503904,2.46536861205107,TRUE
"triangle_1",13,1,2.57299623948262e-15,TRUE
"triangle_2",13,2.5,0.866025403784439,FALSE
"square_1",13,0.999999999999998,-6.8654264713318e-17,FALSE
"square_2",13,1,-2.44929359829471e-16,TRUE
"hexagon",13,1,6.20364304966215e-16,TRUE
"octagon",13,4.44089209850063e-16,2.4142135623731,FALSE
"star_octagon",13,1.55431223447522e-15,0.414213562373099,FALSE
"star_hexagon",13,0.222520933956315,0.974927912181824,FALSE
"star_pentagon",13,0.5,-0.36327126400268,FALSE
"increasing_sine",13,13,0.875721036960863,FALSE
"radial_1",13,-0.949595443096897,0.313478060555453,TRUE
"radial_2",13,0.881666253818356,0.471873517881548,FALSE
"plus",13,0.0355709503422217,-0.999367153498528,TRUE
"radial_increasing",13,1.01378677260163,3.86939741816448,FALSE
"spiky_circle_1",13,-2.83744062337217,5.5687907761773,FALSE
"spiky_circle_2",13,-1.7024643740233,3.34127446570638,FALSE
"oval",13,-4.82962913144534,-0.647047612756301,FALSE
"zigzag_widening",13,-13.2294034265811,-4.92269082685112,TRUE
"zigzag_increasing",13,12.3290226208343,-4.24207510718004,FALSE
"zigzag_increasing_widening",13,11.5256820016048,-11.6687040582013,FALSE
"quadratic",13,3,0.675,FALSE
"cubic",13,3,-0.135,FALSE
"gold_star",13,-1.05780595619296,-2.17013218117904,FALSE
"2_pts",13,1,0,FALSE
"3_pts",13,1,0,TRUE
"square_spiral",13,-0.999999999999999,2,TRUE
"hexagon_spiral",13,1.30656296487638,-1.16111050456797,FALSE
"star_spiral",13,-7.39339828220179,3.97918471982867,FALSE
"triangle_spiral",13,2.00000000000001,3.46410161513775,FALSE
"f_curly_1",13,2.30242019602201,-1.61951919362227,FALSE
"f_curly_2",13,-4.10665974582884,-3.76588184681811,TRUE
"hourglass_1",13,1,0,TRUE
"hourglass_2",13,1,0,FALSE
"3_lines_of_3",13,1,1,FALSE
"increasing_lines",13,3,4,TRUE
"zigzag_1",13,-5.03499352244914,-0.501867123076648,TRUE
"zigzag_2",13,-4.65386996341562,1.98608276361986,TRUE
"zigzag_3",13,-8.52333045001121,4.04386424597955,TRUE
"stairs",13,-15.2538690580293,15.3590726293994,TRUE
"stairs_2",13,9.47503177961342,7.43126993018796,TRUE
"growing_stairs_1",13,-3.73721380688059,-10.3093759734361,FALSE
"growing_stairs_2",13,3.18298914448686,8.65266317997406,FALSE
"alternating_diff_1",13,6,1,TRUE
"alternating_diff_2",13,13,0,TRUE
"alternating_diff_3",13,7,1,FALSE
"sine",14,14,2.97182206708461,TRUE
"sine_line",14,14,16.9718220670846,FALSE
"line",14,14,14,FALSE
"spiral_inward",14,6.53729673453111,9.10288901494115,FALSE
"spiral_outward",14,4.0555339887499,4.72412783825206,TRUE
"triangle_1",14,0.499999999999998,0.866025403784439,TRUE
"triangle_2",14,2,1.73205080756888,FALSE
"square_1",14,0.999999999999997,1,FALSE
"square_2",14,2,-4.89858719658941e-16,TRUE
"hexagon",14,1.5,0.86602540378444,TRUE
"octagon",14,-0.707106781186547,1.70710678118655,FALSE
"star_octagon",14,0.707106781186543,-0.292893218813455,FALSE
"star_hexagon",14,-2.77555756156289e-16,5.55111512312578e-16,FALSE
"star_pentagon",14,0.809016994374948,0.587785252292473,FALSE
"increasing_sine",14,14,2.8273530427804,FALSE
"radial_1",14,0,0,TRUE
"radial_2",14,1.76333250763671,0.943747035763095,FALSE
"plus",14,0.0711419006844434,-1.99873430699706,TRUE
"radial_increasing",14,0,0,FALSE
"spiky_circle_1",14,-2.93892626146237,4.04508497187474,FALSE
"spiky_circle_2",14,-2.20419469609677,3.03381372890605,FALSE
"oval",14,-4.33012701892219,-1.25,FALSE
"zigzag_widening",14,-7.77945185137673,-12.1544283655017,TRUE
"zigzag_increasing",14,13.6437944912922,-3.72113851924186,FALSE
"zigzag_increasing_widening",14,17.6031788866413,-11.921748742735,FALSE
"quadratic",14,4,1.2,FALSE
"cubic",14,4,-0.32,FALSE
"gold_star",14,-0.112364765007377,-1.84433937277225,FALSE
"2_pts",14,0,0,FALSE
"3_pts",14,2,0,TRUE
"square_spiral",14,-2,2,TRUE
"hexagon_spiral",14,2.01366974606292,-0.454003723381427,FALSE
"star_spiral",14,-18,-6.62741699796954,FALSE
"triangle_spiral",14,-1.99999999999997,10.3923048454133,FALSE
"f_curly_1",14,3.02446307200401,-2.27969575997167,FALSE
"f_curly_2",14,-3.28056003678854,-4.47562600546816,TRUE
"hourglass_1",14,0,1,TRUE
"hourglass_2",14,2,0,FALSE
"3_lines_of_3",14,2,1,FALSE
"increasing_lines",14,4,4,TRUE
"zigzag_1",14,-5.49408153777083,-1.39025791219368,TRUE
"zigzag_2",14,-4.825965066151,2.971163103295,TRUE
"zigzag_3",14,-8.63867582396873,5.0371896935075,TRUE
"stairs",14,-17.2318771450238,15.6548495855413,TRUE
"stairs_2",14,10.4731383000136,7.36976079318647,TRUE
"growing_stairs_1",14,-2.66100219436419,-11.3542532701005,FALSE
"growing_stairs_2",14,4.05589388673688,9.14055385518462,FALSE
"alternating_diff_1",14,7,1,TRUE
"alternating_diff_2",14,14,0,TRUE
"alternating_diff_3",14,7,2,FALSE
"sine",15,15,1.95086352047135,TRUE
"sine_line",15,15,16.9508635204714,FALSE
"line",15,15,15,FALSE
"spiral_inward",15,4.71700849718747,10.4254058325992,FALSE
"spiral_outward",15,2.03299150281253,6.19359096898324,TRUE
"triangle_1",15,2.05391259555654e-15,-1.66533453693773e-15,TRUE
"triangle_2",15,1.5,2.59807621135332,FALSE
"square_1",15,-3.44169137633799e-15,0.999999999999997,FALSE
"square_2",15,3,-7.34788079488412e-16,TRUE
"hexagon",15,0.999999999999999,1.73205080756888,TRUE
"octagon",15,-0.707106781186545,0.707106781186548,FALSE
"star_octagon",15,0.707106781186549,0.707106781186545,FALSE
"star_hexagon",15,1,-4.24605927005304e-16,FALSE
"star_pentagon",15,-1.11022302462516e-16,7.7715611723761e-16,FALSE
"increasing_sine",15,15,4.25107507882262,FALSE
"radial_1",15,-0.97911280731758,-0.203317757578349,TRUE
"radial_2",15,0,0,FALSE
"plus",15,0,0,TRUE
"radial_increasing",15,-0.363551002487102,0.931574295797508,FALSE
"spiky_circle_1",15,-4.41941738241592,4.41941738241592,FALSE
"spiky_circle_2",15,-3.53553390593274,3.53553390593274,FALSE
"oval",15,-3.53553390593274,-1.76776695296637,FALSE
"zigzag_widening",15,-15.0271110290573,-5.93177326946886,TRUE
"zigzag_increasing",15,14.1647310792304,-5.03591038969974,FALSE
"zigzag_increasing_widening",15,10.7797477194673,-13.7766846194808,FALSE
"quadratic",15,5,1.875,FALSE
"cubic",15,5,-0.625,FALSE
"gold_star",15,-0.438157573414163,-0.898898181586664,FALSE
"2_pts",15,1,0,FALSE
"3_pts",15,0,0,TRUE
"square_spiral",15,-3,2,TRUE
"hexagon_spiral",15,2.72077652724947,0.253103057805121,FALSE
"star_spiral",15,-1,-6.62741699796955,FALSE
"triangle_spiral",15,-6.49999999999998,2.59807621135333,FALSE
"f_curly_1",15,4.00168965007175,-2.46780799751126,FALSE
"f_curly_2",15,-2.75495159896362,-3.84939154689885,TRUE
"hourglass_1",15,1,1,TRUE
"hourglass_2",15,0,1,FALSE
"3_lines_of_3",15,0,2,FALSE
"increasing_lines",15,0,5,TRUE
"zigzag_1",15,-5.79764444030371,-0.437446512069917,TRUE
"zigzag_2",15,-4.99806016888638,3.95624344297015,TRUE
"zigzag_3",15,-8.75402119792626,6.03051514103545,TRUE
"stairs",15,-17.7155657930327,17.5954797130482,TRUE
"stairs_2",15,10.5961565740166,9.36597383398681,TRUE
"growing_stairs_1",15,-3.35758705880717,-12.0717276784448,FALSE
"growing_stairs_2",15,4.92879862898691,9.62844453039518,FALSE
"alternating_diff_1",15,7,0,TRUE
"alternating_diff_2",15,15,-2,TRUE
"alternating_diff_3",15,8,3,FALSE
"sine",16,16,-0.863709949995196,TRUE
"sine_line",16,16,15.1362900500048,FALSE
"line",16,16,16,FALSE
"spiral_inward",16,2.59200849718747,10.4254058325992,FALSE
"spiral_outward",16,-0.592008497187472,6.19359096898324,TRUE
"triangle_1",16,1,4.21544602151591e-15,TRUE
"triangle_2",16,1,1.73205080756888,FALSE
"square_1",16,9.68894042502251e-16,-2.77555756156289e-15,FALSE
"square_2",16,3,0.999999999999999,TRUE
"hexagon",16,-1.4432899320127e-15,1.73205080756887,TRUE
"octagon",16,3.77475828372553e-15,1.88737914186277e-15,FALSE
"star_octagon",16,-3.66373598126302e-15,2.99760216648792e-15,FALSE
"star_hexagon",16,0.777479066043686,0.974927912181823,FALSE
"star_pentagon",16,1,-6.92420041739214e-16,FALSE
"increasing_sine",16,16,4.70620746468457,FALSE
"radial_1",16,0,0,TRUE
"radial_2",16,0.527608614525381,0.849487580767728,FALSE
"plus",16,0.999367153498528,0.0355709503422216,TRUE
"radial_increasing",16,-0.727102004974204,1.86314859159502,FALSE
"spiky_circle_1",16,-4.04508497187474,2.93892626146236,FALSE
"spiky_circle_2",16,-3.03381372890605,2.20419469609677,FALSE
"oval",16,-2.5,-2.1650635094611,FALSE
"zigzag_widening",16,-8.89080211585912,-13.890775274859,TRUE
"zigzag_increasing",16,14.6856676671685,-6.35068226015763,FALSE
"zigzag_increasing_widening",16,3.95631655229335,-15.6316204962265,FALSE
"quadratic",16,6,2.7,FALSE
"cubic",16,6,-1.08,FALSE
"gold_star",16,2.94108677937e-15,-5.160483153856e-16,FALSE
"2_pts",16,0,0,FALSE
"3_pts",16,1,0,TRUE
"square_spiral",16,-3,1,TRUE
"hexagon_spiral",16,2.33809309488438,1.17698259031641,FALSE
"star_spiral",16,16,-6.62741699796956,FALSE
"triangle_spiral",16,-11,-5.19615242270661,FALSE
"f_curly_1",16,4.84385395873249,-2.13657291800043,FALSE
"f_curly_2",16,-3.59191793818661,-3.08705474927237,TRUE
"hourglass_1",16,0,0,TRUE
"hourglass_2",16,1,1,FALSE
"3_lines_of_3",16,1,2,FALSE
"increasing_lines",16,1,5,TRUE
"zigzag_1",16,-6.10120734283659,0.515364888053849,TRUE
"zigzag_2",16,-5.57292754293104,3.13799684061912,TRUE
"zigzag_3",16,-8.86936657188378,7.0238405885634,TRUE
"stairs",16,-19.6935738800272,17.8912566691901,TRUE
"stairs_2",16,11.5942630944167,9.30446469698532,TRUE
"growing_stairs_1",16,-4.05417192325015,-12.7892020867891,FALSE
"growing_stairs_2",16,4.44090795377635,10.5013492726452,FALSE
"alternating_diff_1",16,8,0,TRUE
"alternating_diff_2",16,16,0,TRUE
"alternating_diff_3",16,8,0,FALSE
"sine",17,17,-2.88419247563867,TRUE
"sine_line",17,17,14.1158075243613,FALSE
"line",17,17,17,FALSE
"spiral_inward",17,0.973974508437579,9.24983532801427,FALSE
"spiral_outward",17,-2.81680523171858,4.57718152517894,TRUE
"triangle_1",17,0.499999999999999,0.866025403784441,TRUE
"triangle_2",17,0.499999999999999,0.866025403784442,FALSE
"square_1",17,1,3.35015235672023e-15,FALSE
"square_2",17,3,2,TRUE
"hexagon",17,-0.5,0.866025403784435,TRUE
"octagon",17,1,4.95023410100433e-15,FALSE
"star_octagon",17,0.999999999999996,-5.5774013500899e-15,FALSE
"star_hexagon",17,-0.123489801858733,0.541044173064266,FALSE
"star_pentagon",17,0.190983005625053,0.587785252292474,FALSE
"increasing_sine",17,17,3.97495398398266,FALSE
"radial_1",17,-0.746277685518548,-0.665634746762126,TRUE
"radial_2",17,1.05521722905076,1.69897516153546,FALSE
"plus",17,1.99873430699706,0.0711419006844433,TRUE
"radial_increasing",17,-1.09065300746131,2.79472288739252,FALSE
"spiky_circle_1",17,-5.5687907761773,2.83744062337217,FALSE
"spiky_circle_2",17,-3.34127446570638,1.7024643740233,FALSE
"oval",17,-1.29409522551261,-2.41481456572267,FALSE
"zigzag_widening",17,-16.8248186315334,-6.9408557120866,TRUE
"zigzag_increasing",17,15.2066042551067,-7.66545413061551,FALSE
"zigzag_increasing_widening",17,-2.86711461488064,-17.4865563729723,FALSE
"quadratic",17,7,3.675,FALSE
"cubic",17,7,-1.715,FALSE
"gold_star",17,-0.89889818158666,0.438157573414166,FALSE
"2_pts",17,1,0,FALSE
"3_pts",17,2,0,TRUE
"square_spiral",17,-3,1.33226762955019e-15,TRUE
"hexagon_spiral",17,1.95540966251929,2.10086212282769,FALSE
"star_spiral",17,2.56497115745562,6.80761184457486,FALSE
"triangle_spiral",17,-0.999999999999998,-5.19615242270661,FALSE
"f_curly_1",17,5.23318744704759,-1.51740086536887,FALSE
"f_curly_2",17,-4.98769360147212,-3.5748643467072,TRUE
"hourglass_1",17,1,0,TRUE
"hourglass_2",17,2,1,FALSE
"3_lines_of_3",17,2,2,FALSE
"increasing_lines",17,2,5,TRUE
"zigzag_1",17,-6.56029535815829,-0.373025901063186,TRUE
"zigzag_2",17,-6.1477949169757,2.31975023826809,TRUE
"zigzag_3",17,-9.86269201941173,6.90849521460587,TRUE
"stairs",17,-20.1772625280361,19.8318867966969,TRUE
"stairs_2",17,12.5923696148169,9.24295555998383,TRUE
"growing_stairs_1",17,-4.75075678769313,-13.5066764951334,FALSE
"growing_stairs_2",17,3.9530172785658,11.3742540148952,FALSE
"alternating_diff_1",17,8,1,TRUE
"alternating_diff_2",17,17,0,TRUE
"alternating_diff_3",17,9,1,FALSE
"sine",18,18,-2.25296174031503,TRUE
"sine_line",18,18,15.747038259685,FALSE
"line",18,18,18,FALSE
"spiral_inward",18,0.394567643984552,7.46660435996085,FALSE
"spiral_outward",18,-3.70522909054655,1.84289404083037,TRUE
"triangle_1",18,-1.66533453693773e-16,1.99840144432528e-15,TRUE
"triangle_2",18,-2.22044604925031e-15,4.2188474935756e-15,FALSE
"square_1",18,0.999999999999993,1,FALSE
"square_2",18,3,3,TRUE
"hexagon",18,4.9960036108132e-16,-3.10862446895044e-15,TRUE
"octagon",18,1.70710678118655,0.707106781186555,FALSE
"star_octagon",18,0.292893218813456,0.707106781186549,FALSE
"star_hexagon",18,0.499999999999999,-0.240787309403764,FALSE
"star_pentagon",18,0.499999999999999,-0.36327126400268,FALSE
"increasing_sine",18,18,2.14143046553114,FALSE
"radial_1",18,0,0,TRUE
"radial_2",18,0,0,FALSE
"plus",18,0,0,TRUE
"radial_increasing",18,-1.45420400994841,3.72629718319003,FALSE
"spiky_circle_1",18,-4.75528258147577,1.54508497187473,FALSE
"spiky_circle_2",18,-4.75528258147577,1.54508497187473,FALSE
"oval",18,-9.18485099360515e-16,-2.5,FALSE
"zigzag_widening",18,-10.0021523803415,-15.6271221842164,TRUE
"zigzag_increasing",18,15.7275408430449,-8.9802260010734,FALSE
"zigzag_increasing_widening",18,-9.69054578205464,-19.341492249718,FALSE
"quadratic",18,8,4.8,FALSE
"cubic",18,8,-2.56,FALSE
"gold_star",18,-1.22469098999345,1.38359876459975,FALSE
"2_pts",18,0,0,FALSE
"3_pts",18,0,0,TRUE
"square_spiral",18,-3,-0.999999999999999,TRUE
"hexagon_spiral",18,1.5727262301542,3.02474165533898,FALSE
"star_spiral",18,-10.8700576850888,20.2426406871193,FALSE
"triangle_spiral",18,9,-5.19615242270662,FALSE
"f_curly_1",18,5.09492066330989,-0.996215573448379,FALSE
"f_curly_2",18,-5.37330464009352,-4.98717451246051,TRUE
"hourglass_1",18,0,1,TRUE
"hourglass_2",18,0,0,FALSE
"3_lines_of_3",18,0,0,FALSE
"increasing_lines",18,3,5,TRUE
"zigzag_1",18,-7.01938337347998,-1.26141669018022,TRUE
"zigzag_2",18,-6.72266229102036,1.50150363591707,TRUE
"zigzag_3",18,-10.8560174669397,6.79314984064835,TRUE
"stairs",18,-22.1552706150306,20.1276637528388,TRUE
"stairs_2",18,12.7153878888199,11.2391686007842,TRUE
"growing_stairs_1",18,-5.44734165213611,-14.2241509034776,FALSE
"growing_stairs_2",18,3.46512660335524,12.2471587571453,FALSE
"alternating_diff_1",18,9,1,TRUE
"alternating_diff_2",18,18,0,TRUE
"alternating_diff_3",18,9,2,FALSE
"sine",19,19,0.449631628988857,TRUE
"sine_line",19,19,19.4496316289889,FALSE
"line",19,19,19,FALSE
"spiral_inward",19,0.935347384140709,5.80225545644433,FALSE
"spiral_outward",19,-2.77817810742171,-1.01027550805509,TRUE
"triangle_1",19,1,5.28825285348458e-16,TRUE
"triangle_2",19,0.999999999999998,1.9526319345164e-15,FALSE
"square_1",19,-6.99440505513849e-15,0.999999999999994,FALSE
"square_2",19,2,3,TRUE
"hexagon",19,1,-3.84341254843885e-15,TRUE
"octagon",19,1.70710678118654,1.70710678118656,FALSE
"star_octagon",19,0.292893218813445,-0.292893218813451,FALSE
"star_hexagon",19,1.12348980185873,0.541044173064265,FALSE
"star_pentagon",19,0.809016994374948,0.587785252292473,FALSE
"increasing_sine",19,19,-0.406656917216553,FALSE
"radial_1",19,-0.313478060555454,-0.949595443096896,TRUE
"radial_2",19,0.0321786730506273,0.999482132406928,FALSE
"plus",19,-0.0355709503422216,0.999367153498528,TRUE
"radial_increasing",19,-1.81775501243551,4.65787147898754,FALSE
"spiky_circle_1",19,-6.17305212871961,0.977715406501438,FALSE
"spiky_circle_2",19,-3.70383127723177,0.586629243900863,FALSE
"oval",19,1.2940952255126,-2.41481456572267,FALSE
"zigzag_widening",19,-18.6225262340096,-7.94993815470434,TRUE
"zigzag_increasing",19,16.2484774309831,-10.2949978715313,FALSE
"zigzag_increasing_widening",19,-16.5139769492286,-21.1964281264638,FALSE
"quadratic",19,9,6.075,FALSE
"cubic",19,9,-3.645,FALSE
"gold_star",19,-2.17013218117903,1.05780595619296,FALSE
"2_pts",19,1,0,FALSE
"3_pts",19,1,0,TRUE
"square_spiral",19,-3,-2,TRUE
"hexagon_spiral",19,1.19004279778911,3.94862118785027,FALSE
"star_spiral",19,-10.8700576850888,-0.757359312880716,FALSE
"triangle_spiral",19,3.5,4.3301270189222,FALSE
"f_curly_1",19,4.63740620736616,-0.906358898867238,FALSE
"f_curly_2",19,-4.56305136293796,-5.73236968962842,TRUE
"hourglass_1",19,1,1,TRUE
"hourglass_2",19,1,0,FALSE
"3_lines_of_3",19,1,0,FALSE
"increasing_lines",19,4,5,TRUE
"zigzag_1",19,-7.32294627601286,-0.308605290056455,TRUE
"zigzag_2",19,-6.89475739375574,2.48658397559221,TRUE
"zigzag_3",19,-11.8493429144676,6.67780446669083,TRUE
"stairs",19,-22.6389592630395,22.0682938803457,TRUE
"stairs_2",19,13.71349440922,11.1776594637827,TRUE
"growing_stairs_1",19,-6.14392651657909,-14.9416253118219,FALSE
"growing_stairs_2",19,2.97723592814468,13.1200634993953,FALSE
"alternating_diff_1",19,9,0,TRUE
"alternating_diff_2",19,19,-2,TRUE
"alternating_diff_3",19,10,3,FALSE
"sine",20,20,2.73883575218288,TRUE
"sine_line",20,20,22.7388357521829,FALSE
"line",20,20,20,FALSE
"spiral_inward",20,2.25,4.84710442146906,FALSE
"spiral_outward",20,-0.250000000000003,-2.84710442146907,TRUE
"triangle_1",20,0.500000000000003,0.866025403784441,TRUE
"triangle_2",20,2,-3.13583624542789e-16,FALSE
"square_1",20,4.27667836147328e-15,-6.21724893790088e-15,FALSE
"square_2",20,1,3,TRUE
"hexagon",20,1.5,0.866025403784434,TRUE
"octagon",20,0.999999999999992,2.4142135623731,FALSE
"star_octagon",20,1,0.414213562373088,FALSE
"star_hexagon",20,0.222520933956315,0.974927912181824,FALSE
"star_pentagon",20,-2.22044604925031e-16,9.99200722162641e-16,FALSE
"increasing_sine",20,20,-3.05925552429054,FALSE
"radial_1",20,0,0,TRUE
"radial_2",20,0.0643573461012545,1.99896426481386,FALSE
"plus",20,-0.0711419006844431,1.99873430699706,TRUE
"radial_increasing",20,0,0,FALSE
"spiky_circle_1",20,-5,-3.82856869892695e-15,FALSE
"spiky_circle_2",20,-3.75,-2.87142652419521e-15,FALSE
"oval",20,2.5,-2.1650635094611,FALSE
"zigzag_widening",20,-11.1135026448239,-17.3634690935738,TRUE
"zigzag_increasing",20,16.7694140189213,-11.6097697419892,FALSE
"zigzag_increasing_widening",20,-23.3374081164026,-23.0513640032095,FALSE
"quadratic",20,10,7.5,FALSE
"cubic",20,10,-5,FALSE
"gold_star",20,-3.06903036276569,1.49596352960713,FALSE
"2_pts",20,0,0,FALSE
"3_pts",20,2,0,TRUE
"square_spiral",20,-2,-2,TRUE
"hexagon_spiral",20,0.190042797789112,3.94862118785027,FALSE
"star_spiral",20,-10.8700576850889,-21.7573593128807,FALSE
"triangle_spiral",20,-2.00000000000001,13.856406460551,FALSE
"f_curly_1",20,4.24031208714118,-1.34971215984288,FALSE
"f_curly_2",20,-4.00879718813653,-5.13235175009777,TRUE
"hourglass_1",20,0,0,TRUE
"hourglass_2",20,2,0,FALSE
"3_lines_of_3",20,2,0,FALSE
"increasing_lines",20,5,5,TRUE
"zigzag_1",20,-7.62650917854574,0.644206110067312,TRUE
"zigzag_2",20,-7.06685249649112,3.47166431526736,TRUE
"zigzag_3",20,-12.8426683619956,6.5624590927333,TRUE
"stairs",20,-24.616967350034,22.3640708364876,TRUE
"stairs_2",20,14.7116009296202,11.1161503267812,TRUE
"growing_stairs_1",20,-5.06771490406269,-15.9865026084864,FALSE
"growing_stairs_2",20,3.85014067039471,13.6079541746058,FALSE
"alternating_diff_1",20,10,0,TRUE
"alternating_diff_2",20,20,0,TRUE
"alternating_diff_3",20,10,0,FALSE
